Fold,Held_Out_State,Test_Samples,Baseline_MAE,Baseline_RMSE,Baseline_R2,Ridge_MAE,Ridge_RMSE,Ridge_R2,GBR_MAE,GBR_RMSE,GBR_R2
1,Andaman and Nicobar Islands,112,17.672405419222905,22.146303856241552,-0.05979406200042181,14.18479809162969,18.373520530279315,0.27053622272603994,13.798892520748,18.238692738901094,0.2812027826389194
2,Andhra Pradesh,112,10.361330521472395,13.45233099600631,-0.020232439623130816,9.41576951249319,12.767348842544399,0.0810212085837605,8.281655768202377,11.495720328437224,0.2549654409904165
3,Arunachal Pradesh,112,22.1635078878177,29.404135668500544,-0.10232992636568672,18.648374567860913,25.289395167746584,0.18459823433138767,18.264911773775427,25.263323989117936,0.1862785850963149
4,Assam,112,18.8555666630149,25.314145414052707,-0.017201938011806472,13.879555497089113,19.987705205920342,0.365828809281185,14.648651809484234,21.261320930089198,0.28243520399465283
5,Bihar,112,22.958216476774755,30.019044318258377,-0.2369360406006542,20.909117345340746,27.366521030425993,-0.027999023688927815,21.23285315718481,27.957799497037243,-0.07290060868093962
6,Chandigarh,104,24.139615384615386,30.320865760739242,-0.18084945816061104,21.428080656555398,29.25879774564022,-0.09957357162898828,21.36442920618195,28.73394317778671,-0.060478325111842146
7,Chhattisgarh,112,13.48661125109553,17.098776205148997,-0.025072214154185257,12.547448519310452,16.95186564198546,-0.007533298823643619,12.215683532108004,15.798345541563261,0.12492027375841075
8,Delhi,112,28.79867806018113,34.905675665027516,-0.2611683755788097,25.667852992370932,33.378894342251826,-0.15325372929446823,26.460221418829786,33.838205039850905,-0.18521082490270357
9,Goa,112,18.449085232252408,25.517281682945928,-0.029493555413572015,16.34427770559334,23.006652518376665,0.1631229021166648,16.526046547040014,23.6290174336736,0.11723289353631905
10,Gujarat,112,14.53842389716623,17.3677743748494,-0.18449857188142538,11.239589642436755,14.322599134443651,0.19445486676166257,10.707224690262077,13.815644496660003,0.25047089216896057
11,Haryana,112,15.628064745836978,17.63670106247993,-1.6000015622346662,14.153262120662784,17.16008328960578,-1.4613744278084,14.764018489885897,17.102191776167974,-1.4447949822862949
12,Himachal Pradesh,112,19.22583808063103,22.518088698692342,-0.5380564141576307,16.75375903296799,20.49234864283354,-0.2737748987041939,16.672805951773853,20.100377337585716,-0.22551218847326493
13,Jammu and Kashmir,112,13.95474638475022,17.812059468220124,-0.05699838150162129,9.945602230249644,13.34824216026357,0.40639957489651546,9.118534234447777,12.451488848644647,0.4834782456689849
14,Jharkhand,112,16.971212204206836,21.410820362333077,-0.2389058581849528,15.732588420305358,23.17508444810959,-0.45149098132817067,14.831901841341116,21.833850519217116,-0.28834553414459174
15,Karnataka,112,10.602481375985974,13.231104144159138,-0.17660126933882614,9.330156927038546,13.128797540844158,-0.15847599499037313,8.570514216002753,11.605836616225726,0.09470516694216125
16,Kerala,112,9.960921067046453,12.942237166707132,-0.3790050893068504,9.253346549928184,11.311828892444186,-0.05344730226079042,8.40546616024518,10.409902984049936,0.10784456587651237
17,Ladakh,112,26.49712971078002,36.026527768867574,-0.1977453980891959,23.713735908575455,33.52019995846878,-0.03689050704791508,23.404433241370562,33.04287153717226,-0.0075700763796338055
18,Lakshadweep,112,30.247895212532864,38.31750269711658,-0.0019156799605322128,28.530898279882308,37.04006687624852,0.06377484815857071,28.22161200832096,36.50910473872533,0.09042367646154703
19,Madhya Pradesh,112,14.912735539000876,17.941501126579496,-0.17908460496743017,12.354798603681283,16.135644193572613,0.0463258017623166,11.909898444208276,16.024901904741274,0.059371409789944485
20,Maharashtra,112,8.957745398773005,10.814331317585607,-0.023800377766347136,8.672508215424646,11.265209267931164,-0.11094989256712617,7.613193739856142,9.803842762444154,0.15858816136549247
21,Manipur,112,18.402820077417466,30.626218481107568,-0.1547284399147799,17.36251487570581,27.406669520352615,0.07528982713563692,17.53424999866221,28.20751851718525,0.020458425676449732
22,Meghalaya,112,25.85111744084136,35.3931679064745,-0.510168135000143,25.409370070948,32.652078846573964,-0.28531063952103497,24.985034529596753,33.05934926886628,-0.3175740449985578
23,Mizoram,112,23.13086154323693,28.442432908083685,-0.3434088975571732,23.662065114250083,28.8024354700293,-0.37763180386312367,23.387949645427003,28.67469973071656,-0.3654395983267449
24,Nagaland,112,22.878079809377738,31.360256716567772,-0.2121724469541224,22.12680477174406,30.24335826200868,-0.12736674023441075,21.26190983764854,29.850560253903524,-0.09827263600593827
25,Odisha,112,14.946001314636286,18.16234789951495,-0.017745945599342727,9.352509220687773,11.969019903880913,0.558009862492881,9.401815124993686,12.228762103517154,0.5386182700779572
26,Puducherry,112,17.00585560911481,22.149673200990936,-0.0026792716975125863,15.434751523774617,21.565003591785405,0.0495561593371161,15.032839501913983,20.780195706003287,0.1174757297526936
27,Punjab,112,15.770748429739996,17.89537966177286,-0.6971573261548631,13.220596302811545,15.371161805600673,-0.25214221682713545,13.43914474236991,15.424061722347139,-0.26077555234412797
28,Rajasthan,112,13.441375894683025,17.67583511184466,-0.0374009897244183,10.48276225152883,14.14738394589809,0.3354325672515617,10.08502858328408,14.08083686218612,0.34166990568036326
29,Sikkim,112,24.23014899211218,30.935035221800497,-0.31763182325932315,22.344981302679752,28.96681171038337,-0.15529857680980896,21.530032908835683,28.50959538970357,-0.11911560929277654
30,Tamil Nadu,112,10.531357270669005,12.96881594246691,-0.012318360020966868,12.363779542086439,15.247250615217723,-0.39926360339911793,10.758099221651252,13.037494255220816,-0.023068517240680597
31,Telangana,112,13.043803407099034,17.526458509692763,-0.01264319186001961,13.616629686716843,20.005691335236776,-0.31939622383969435,12.698044252470654,18.232246809529727,-0.09584338797489367
32,The Dadra and Nagar Haveli and Daman and Diu,112,24.691002044989776,29.80987128584286,-0.005945527271878914,20.934578635484343,25.8872223218233,0.24137846075143954,21.361390759090746,26.482957583682598,0.20606082402735404
33,Tripura,112,17.64957730791703,27.16178232463758,-1.1132510028044607e-05,13.831395949600838,23.66146542311813,0.24112266467609056,13.74429069397723,24.23638389100454,0.2037967397013979
34,Uttar Pradesh,112,20.317566827344432,23.032790623905818,-0.7275967614116672,18.034786243051375,20.71700328893794,-0.39766513507153767,18.703657738159382,21.01629522279751,-0.438340081162758
35,Uttarakhand,112,17.06514981375986,21.57907222338623,-0.1078942440622559,15.135328629672268,20.91534405855938,-0.040789243565758415,14.533218130254454,20.078521514038965,0.04082858070801543
36,West Bengal,112,12.770623356704645,15.2187699049396,-0.27587556944844294,9.68064273786382,12.355949903375043,0.15898934624180683,10.011752459063363,12.460011160437919,0.1447637857509526
