Feature,Ridge_Coefficient,GBR_Feature_Importance
Year_Standardized,3.7191082893069387,0.18695950914092668
Education_Literate & Upto Primary,-23.972832797502498,0.1859310327122899
Area_Type_Urban,-6.56737473647508,0.17560508582397646
Education_Middle,-24.925610575280274,0.16953243970806137
Education_Post Graduate & Above,-3.943765337185028,0.09545136180953627
Education_Secondary,-17.24545184512154,0.06512850074569218
Education_Not Literate,-12.794360575280269,0.04322179869128852
Education_Graduate,-15.625213749883448,0.04197049751051441
Education_Higher Secondary,-15.13503517845488,0.03619977385771412
