Country,State,Education,Indicator,Value_2017,Value_2023,Absolute_Change,Percentage_Change,Missing_Count_2017,Missing_Count_2023
India,Andaman and Nicobar Islands,All,LFPR,,,,,,
India,Andaman and Nicobar Islands,Diploma/ Certificate Course,LFPR,,,,,,
India,Andaman and Nicobar Islands,Graduate,LFPR,,,,,,
India,Andaman and Nicobar Islands,Higher Secondary,LFPR,,,,,,
India,Andaman and Nicobar Islands,Literate & Upto Primary,LFPR,,,,,,
India,Andaman and Nicobar Islands,Middle,LFPR,,,,,,
India,Andaman and Nicobar Islands,Not Literate,LFPR,,,,,,
India,Andaman and Nicobar Islands,Post Graduate & Above,LFPR,,,,,,
India,Andaman and Nicobar Islands,Secondary,LFPR,,,,,,
India,Andaman and Nicobar Islands,Secondary & Above,LFPR,,,,,,
India,Andhra Pradesh,All,LFPR,,,,,,
India,Andhra Pradesh,Diploma/ Certificate Course,LFPR,,,,,,
India,Andhra Pradesh,Graduate,LFPR,,,,,,
India,Andhra Pradesh,Higher Secondary,LFPR,,,,,,
India,Andhra Pradesh,Literate & Upto Primary,LFPR,,,,,,
India,Andhra Pradesh,Middle,LFPR,,,,,,
India,Andhra Pradesh,Not Literate,LFPR,,,,,,
India,Andhra Pradesh,Post Graduate & Above,LFPR,,,,,,
India,Andhra Pradesh,Secondary,LFPR,,,,,,
India,Andhra Pradesh,Secondary & Above,LFPR,,,,,,
India,Arunachal Pradesh,All,LFPR,,,,,,
India,Arunachal Pradesh,Diploma/ Certificate Course,LFPR,,,,,,
India,Arunachal Pradesh,Graduate,LFPR,,,,,,
India,Arunachal Pradesh,Higher Secondary,LFPR,,,,,,
India,Arunachal Pradesh,Literate & Upto Primary,LFPR,,,,,,
India,Arunachal Pradesh,Middle,LFPR,,,,,,
India,Arunachal Pradesh,Not Literate,LFPR,,,,,,
India,Arunachal Pradesh,Post Graduate & Above,LFPR,,,,,,
India,Arunachal Pradesh,Secondary,LFPR,,,,,,
India,Arunachal Pradesh,Secondary & Above,LFPR,,,,,,
India,Assam,All,LFPR,,,,,,
India,Assam,Diploma/ Certificate Course,LFPR,,,,,,
India,Assam,Graduate,LFPR,,,,,,
India,Assam,Higher Secondary,LFPR,,,,,,
India,Assam,Literate & Upto Primary,LFPR,,,,,,
India,Assam,Middle,LFPR,,,,,,
India,Assam,Not Literate,LFPR,,,,,,
India,Assam,Post Graduate & Above,LFPR,,,,,,
India,Assam,Secondary,LFPR,,,,,,
India,Assam,Secondary & Above,LFPR,,,,,,
India,Bihar,All,LFPR,,,,,,
India,Bihar,Diploma/ Certificate Course,LFPR,,,,,,
India,Bihar,Graduate,LFPR,,,,,,
India,Bihar,Higher Secondary,LFPR,,,,,,
India,Bihar,Literate & Upto Primary,LFPR,,,,,,
India,Bihar,Middle,LFPR,,,,,,
India,Bihar,Not Literate,LFPR,,,,,,
India,Bihar,Post Graduate & Above,LFPR,,,,,,
India,Bihar,Secondary,LFPR,,,,,,
India,Bihar,Secondary & Above,LFPR,,,,,,
India,Chandigarh,All,LFPR,,,,,,
India,Chandigarh,Diploma/ Certificate Course,LFPR,,,,,,
India,Chandigarh,Graduate,LFPR,,,,,,
India,Chandigarh,Higher Secondary,LFPR,,,,,,
India,Chandigarh,Literate & Upto Primary,LFPR,,,,,,
India,Chandigarh,Middle,LFPR,,,,,,
India,Chandigarh,Not Literate,LFPR,,,,,,
India,Chandigarh,Post Graduate & Above,LFPR,,,,,,
India,Chandigarh,Secondary,LFPR,,,,,,
India,Chandigarh,Secondary & Above,LFPR,,,,,,
India,Chhattisgarh,All,LFPR,,,,,,
India,Chhattisgarh,Diploma/ Certificate Course,LFPR,,,,,,
India,Chhattisgarh,Graduate,LFPR,,,,,,
India,Chhattisgarh,Higher Secondary,LFPR,,,,,,
India,Chhattisgarh,Literate & Upto Primary,LFPR,,,,,,
India,Chhattisgarh,Middle,LFPR,,,,,,
India,Chhattisgarh,Not Literate,LFPR,,,,,,
India,Chhattisgarh,Post Graduate & Above,LFPR,,,,,,
India,Chhattisgarh,Secondary,LFPR,,,,,,
India,Chhattisgarh,Secondary & Above,LFPR,,,,,,
India,Delhi,All,LFPR,,,,,,
India,Delhi,Diploma/ Certificate Course,LFPR,,,,,,
India,Delhi,Graduate,LFPR,,,,,,
India,Delhi,Higher Secondary,LFPR,,,,,,
India,Delhi,Literate & Upto Primary,LFPR,,,,,,
India,Delhi,Middle,LFPR,,,,,,
India,Delhi,Not Literate,LFPR,,,,,,
India,Delhi,Post Graduate & Above,LFPR,,,,,,
India,Delhi,Secondary,LFPR,,,,,,
India,Delhi,Secondary & Above,LFPR,,,,,,
India,Goa,All,LFPR,,,,,,
India,Goa,Diploma/ Certificate Course,LFPR,,,,,,
India,Goa,Graduate,LFPR,,,,,,
India,Goa,Higher Secondary,LFPR,,,,,,
India,Goa,Literate & Upto Primary,LFPR,,,,,,
India,Goa,Middle,LFPR,,,,,,
India,Goa,Not Literate,LFPR,,,,,,
India,Goa,Post Graduate & Above,LFPR,,,,,,
India,Goa,Secondary,LFPR,,,,,,
India,Goa,Secondary & Above,LFPR,,,,,,
India,Gujarat,All,LFPR,,,,,,
India,Gujarat,Diploma/ Certificate Course,LFPR,,,,,,
India,Gujarat,Graduate,LFPR,,,,,,
India,Gujarat,Higher Secondary,LFPR,,,,,,
India,Gujarat,Literate & Upto Primary,LFPR,,,,,,
India,Gujarat,Middle,LFPR,,,,,,
India,Gujarat,Not Literate,LFPR,,,,,,
India,Gujarat,Post Graduate & Above,LFPR,,,,,,
India,Gujarat,Secondary,LFPR,,,,,,
India,Gujarat,Secondary & Above,LFPR,,,,,,
India,Haryana,All,LFPR,,,,,,
India,Haryana,Diploma/ Certificate Course,LFPR,,,,,,
India,Haryana,Graduate,LFPR,,,,,,
India,Haryana,Higher Secondary,LFPR,,,,,,
India,Haryana,Literate & Upto Primary,LFPR,,,,,,
India,Haryana,Middle,LFPR,,,,,,
India,Haryana,Not Literate,LFPR,,,,,,
India,Haryana,Post Graduate & Above,LFPR,,,,,,
India,Haryana,Secondary,LFPR,,,,,,
India,Haryana,Secondary & Above,LFPR,,,,,,
India,Himachal Pradesh,All,LFPR,,,,,,
India,Himachal Pradesh,Diploma/ Certificate Course,LFPR,,,,,,
India,Himachal Pradesh,Graduate,LFPR,,,,,,
India,Himachal Pradesh,Higher Secondary,LFPR,,,,,,
India,Himachal Pradesh,Literate & Upto Primary,LFPR,,,,,,
India,Himachal Pradesh,Middle,LFPR,,,,,,
India,Himachal Pradesh,Not Literate,LFPR,,,,,,
India,Himachal Pradesh,Post Graduate & Above,LFPR,,,,,,
India,Himachal Pradesh,Secondary,LFPR,,,,,,
India,Himachal Pradesh,Secondary & Above,LFPR,,,,,,
India,Jammu and Kashmir,All,LFPR,,,,,,
India,Jammu and Kashmir,Diploma/ Certificate Course,LFPR,,,,,,
India,Jammu and Kashmir,Graduate,LFPR,,,,,,
India,Jammu and Kashmir,Higher Secondary,LFPR,,,,,,
India,Jammu and Kashmir,Literate & Upto Primary,LFPR,,,,,,
India,Jammu and Kashmir,Middle,LFPR,,,,,,
India,Jammu and Kashmir,Not Literate,LFPR,,,,,,
India,Jammu and Kashmir,Post Graduate & Above,LFPR,,,,,,
India,Jammu and Kashmir,Secondary,LFPR,,,,,,
India,Jammu and Kashmir,Secondary & Above,LFPR,,,,,,
India,Jharkhand,All,LFPR,,,,,,
India,Jharkhand,Diploma/ Certificate Course,LFPR,,,,,,
India,Jharkhand,Graduate,LFPR,,,,,,
India,Jharkhand,Higher Secondary,LFPR,,,,,,
India,Jharkhand,Literate & Upto Primary,LFPR,,,,,,
India,Jharkhand,Middle,LFPR,,,,,,
India,Jharkhand,Not Literate,LFPR,,,,,,
India,Jharkhand,Post Graduate & Above,LFPR,,,,,,
India,Jharkhand,Secondary,LFPR,,,,,,
India,Jharkhand,Secondary & Above,LFPR,,,,,,
India,Karnataka,All,LFPR,,,,,,
India,Karnataka,Diploma/ Certificate Course,LFPR,,,,,,
India,Karnataka,Graduate,LFPR,,,,,,
India,Karnataka,Higher Secondary,LFPR,,,,,,
India,Karnataka,Literate & Upto Primary,LFPR,,,,,,
India,Karnataka,Middle,LFPR,,,,,,
India,Karnataka,Not Literate,LFPR,,,,,,
India,Karnataka,Post Graduate & Above,LFPR,,,,,,
India,Karnataka,Secondary,LFPR,,,,,,
India,Karnataka,Secondary & Above,LFPR,,,,,,
India,Kerala,All,LFPR,,,,,,
India,Kerala,Diploma/ Certificate Course,LFPR,,,,,,
India,Kerala,Graduate,LFPR,,,,,,
India,Kerala,Higher Secondary,LFPR,,,,,,
India,Kerala,Literate & Upto Primary,LFPR,,,,,,
India,Kerala,Middle,LFPR,,,,,,
India,Kerala,Not Literate,LFPR,,,,,,
India,Kerala,Post Graduate & Above,LFPR,,,,,,
India,Kerala,Secondary,LFPR,,,,,,
India,Kerala,Secondary & Above,LFPR,,,,,,
India,Ladakh,All,LFPR,,,,,,
India,Ladakh,Diploma/ Certificate Course,LFPR,,,,,,
India,Ladakh,Graduate,LFPR,,,,,,
India,Ladakh,Higher Secondary,LFPR,,,,,,
India,Ladakh,Literate & Upto Primary,LFPR,,,,,,
India,Ladakh,Middle,LFPR,,,,,,
India,Ladakh,Not Literate,LFPR,,,,,,
India,Ladakh,Post Graduate & Above,LFPR,,,,,,
India,Ladakh,Secondary,LFPR,,,,,,
India,Ladakh,Secondary & Above,LFPR,,,,,,
India,Lakshadweep,All,LFPR,,,,,,
India,Lakshadweep,Diploma/ Certificate Course,LFPR,,,,,,
India,Lakshadweep,Graduate,LFPR,,,,,,
India,Lakshadweep,Higher Secondary,LFPR,,,,,,
India,Lakshadweep,Literate & Upto Primary,LFPR,,,,,,
India,Lakshadweep,Middle,LFPR,,,,,,
India,Lakshadweep,Not Literate,LFPR,,,,,,
India,Lakshadweep,Post Graduate & Above,LFPR,,,,,,
India,Lakshadweep,Secondary,LFPR,,,,,,
India,Lakshadweep,Secondary & Above,LFPR,,,,,,
India,Madhya Pradesh,All,LFPR,,,,,,
India,Madhya Pradesh,Diploma/ Certificate Course,LFPR,,,,,,
India,Madhya Pradesh,Graduate,LFPR,,,,,,
India,Madhya Pradesh,Higher Secondary,LFPR,,,,,,
India,Madhya Pradesh,Literate & Upto Primary,LFPR,,,,,,
India,Madhya Pradesh,Middle,LFPR,,,,,,
India,Madhya Pradesh,Not Literate,LFPR,,,,,,
India,Madhya Pradesh,Post Graduate & Above,LFPR,,,,,,
India,Madhya Pradesh,Secondary,LFPR,,,,,,
India,Madhya Pradesh,Secondary & Above,LFPR,,,,,,
India,Maharashtra,All,LFPR,,,,,,
India,Maharashtra,Diploma/ Certificate Course,LFPR,,,,,,
India,Maharashtra,Graduate,LFPR,,,,,,
India,Maharashtra,Higher Secondary,LFPR,,,,,,
India,Maharashtra,Literate & Upto Primary,LFPR,,,,,,
India,Maharashtra,Middle,LFPR,,,,,,
India,Maharashtra,Not Literate,LFPR,,,,,,
India,Maharashtra,Post Graduate & Above,LFPR,,,,,,
India,Maharashtra,Secondary,LFPR,,,,,,
India,Maharashtra,Secondary & Above,LFPR,,,,,,
India,Manipur,All,LFPR,,,,,,
India,Manipur,Diploma/ Certificate Course,LFPR,,,,,,
India,Manipur,Graduate,LFPR,,,,,,
India,Manipur,Higher Secondary,LFPR,,,,,,
India,Manipur,Literate & Upto Primary,LFPR,,,,,,
India,Manipur,Middle,LFPR,,,,,,
India,Manipur,Not Literate,LFPR,,,,,,
India,Manipur,Post Graduate & Above,LFPR,,,,,,
India,Manipur,Secondary,LFPR,,,,,,
India,Manipur,Secondary & Above,LFPR,,,,,,
India,Meghalaya,All,LFPR,,,,,,
India,Meghalaya,Diploma/ Certificate Course,LFPR,,,,,,
India,Meghalaya,Graduate,LFPR,,,,,,
India,Meghalaya,Higher Secondary,LFPR,,,,,,
India,Meghalaya,Literate & Upto Primary,LFPR,,,,,,
India,Meghalaya,Middle,LFPR,,,,,,
India,Meghalaya,Not Literate,LFPR,,,,,,
India,Meghalaya,Post Graduate & Above,LFPR,,,,,,
India,Meghalaya,Secondary,LFPR,,,,,,
India,Meghalaya,Secondary & Above,LFPR,,,,,,
India,Mizoram,All,LFPR,,,,,,
India,Mizoram,Diploma/ Certificate Course,LFPR,,,,,,
India,Mizoram,Graduate,LFPR,,,,,,
India,Mizoram,Higher Secondary,LFPR,,,,,,
India,Mizoram,Literate & Upto Primary,LFPR,,,,,,
India,Mizoram,Middle,LFPR,,,,,,
India,Mizoram,Not Literate,LFPR,,,,,,
India,Mizoram,Post Graduate & Above,LFPR,,,,,,
India,Mizoram,Secondary,LFPR,,,,,,
India,Mizoram,Secondary & Above,LFPR,,,,,,
India,Nagaland,All,LFPR,,,,,,
India,Nagaland,Diploma/ Certificate Course,LFPR,,,,,,
India,Nagaland,Graduate,LFPR,,,,,,
India,Nagaland,Higher Secondary,LFPR,,,,,,
India,Nagaland,Literate & Upto Primary,LFPR,,,,,,
India,Nagaland,Middle,LFPR,,,,,,
India,Nagaland,Not Literate,LFPR,,,,,,
India,Nagaland,Post Graduate & Above,LFPR,,,,,,
India,Nagaland,Secondary,LFPR,,,,,,
India,Nagaland,Secondary & Above,LFPR,,,,,,
India,Odisha,All,LFPR,,,,,,
India,Odisha,Diploma/ Certificate Course,LFPR,,,,,,
India,Odisha,Graduate,LFPR,,,,,,
India,Odisha,Higher Secondary,LFPR,,,,,,
India,Odisha,Literate & Upto Primary,LFPR,,,,,,
India,Odisha,Middle,LFPR,,,,,,
India,Odisha,Not Literate,LFPR,,,,,,
India,Odisha,Post Graduate & Above,LFPR,,,,,,
India,Odisha,Secondary,LFPR,,,,,,
India,Odisha,Secondary & Above,LFPR,,,,,,
India,Puducherry,All,LFPR,,,,,,
India,Puducherry,Diploma/ Certificate Course,LFPR,,,,,,
India,Puducherry,Graduate,LFPR,,,,,,
India,Puducherry,Higher Secondary,LFPR,,,,,,
India,Puducherry,Literate & Upto Primary,LFPR,,,,,,
India,Puducherry,Middle,LFPR,,,,,,
India,Puducherry,Not Literate,LFPR,,,,,,
India,Puducherry,Post Graduate & Above,LFPR,,,,,,
India,Puducherry,Secondary,LFPR,,,,,,
India,Puducherry,Secondary & Above,LFPR,,,,,,
India,Punjab,All,LFPR,,,,,,
India,Punjab,Diploma/ Certificate Course,LFPR,,,,,,
India,Punjab,Graduate,LFPR,,,,,,
India,Punjab,Higher Secondary,LFPR,,,,,,
India,Punjab,Literate & Upto Primary,LFPR,,,,,,
India,Punjab,Middle,LFPR,,,,,,
India,Punjab,Not Literate,LFPR,,,,,,
India,Punjab,Post Graduate & Above,LFPR,,,,,,
India,Punjab,Secondary,LFPR,,,,,,
India,Punjab,Secondary & Above,LFPR,,,,,,
India,Rajasthan,All,LFPR,,,,,,
India,Rajasthan,Diploma/ Certificate Course,LFPR,,,,,,
India,Rajasthan,Graduate,LFPR,,,,,,
India,Rajasthan,Higher Secondary,LFPR,,,,,,
India,Rajasthan,Literate & Upto Primary,LFPR,,,,,,
India,Rajasthan,Middle,LFPR,,,,,,
India,Rajasthan,Not Literate,LFPR,,,,,,
India,Rajasthan,Post Graduate & Above,LFPR,,,,,,
India,Rajasthan,Secondary,LFPR,,,,,,
India,Rajasthan,Secondary & Above,LFPR,,,,,,
India,Sikkim,All,LFPR,,,,,,
India,Sikkim,Diploma/ Certificate Course,LFPR,,,,,,
India,Sikkim,Graduate,LFPR,,,,,,
India,Sikkim,Higher Secondary,LFPR,,,,,,
India,Sikkim,Literate & Upto Primary,LFPR,,,,,,
India,Sikkim,Middle,LFPR,,,,,,
India,Sikkim,Not Literate,LFPR,,,,,,
India,Sikkim,Post Graduate & Above,LFPR,,,,,,
India,Sikkim,Secondary,LFPR,,,,,,
India,Sikkim,Secondary & Above,LFPR,,,,,,
India,Tamil Nadu,All,LFPR,,,,,,
India,Tamil Nadu,Diploma/ Certificate Course,LFPR,,,,,,
India,Tamil Nadu,Graduate,LFPR,,,,,,
India,Tamil Nadu,Higher Secondary,LFPR,,,,,,
India,Tamil Nadu,Literate & Upto Primary,LFPR,,,,,,
India,Tamil Nadu,Middle,LFPR,,,,,,
India,Tamil Nadu,Not Literate,LFPR,,,,,,
India,Tamil Nadu,Post Graduate & Above,LFPR,,,,,,
India,Tamil Nadu,Secondary,LFPR,,,,,,
India,Tamil Nadu,Secondary & Above,LFPR,,,,,,
India,Telangana,All,LFPR,,,,,,
India,Telangana,Diploma/ Certificate Course,LFPR,,,,,,
India,Telangana,Graduate,LFPR,,,,,,
India,Telangana,Higher Secondary,LFPR,,,,,,
India,Telangana,Literate & Upto Primary,LFPR,,,,,,
India,Telangana,Middle,LFPR,,,,,,
India,Telangana,Not Literate,LFPR,,,,,,
India,Telangana,Post Graduate & Above,LFPR,,,,,,
India,Telangana,Secondary,LFPR,,,,,,
India,Telangana,Secondary & Above,LFPR,,,,,,
India,The Dadra and Nagar Haveli and Daman and Diu,All,LFPR,,,,,,
India,The Dadra and Nagar Haveli and Daman and Diu,Diploma/ Certificate Course,LFPR,,,,,,
India,The Dadra and Nagar Haveli and Daman and Diu,Graduate,LFPR,,,,,,
India,The Dadra and Nagar Haveli and Daman and Diu,Higher Secondary,LFPR,,,,,,
India,The Dadra and Nagar Haveli and Daman and Diu,Literate & Upto Primary,LFPR,,,,,,
India,The Dadra and Nagar Haveli and Daman and Diu,Middle,LFPR,,,,,,
India,The Dadra and Nagar Haveli and Daman and Diu,Not Literate,LFPR,,,,,,
India,The Dadra and Nagar Haveli and Daman and Diu,Post Graduate & Above,LFPR,,,,,,
India,The Dadra and Nagar Haveli and Daman and Diu,Secondary,LFPR,,,,,,
India,The Dadra and Nagar Haveli and Daman and Diu,Secondary & Above,LFPR,,,,,,
India,Tripura,All,LFPR,,,,,,
India,Tripura,Diploma/ Certificate Course,LFPR,,,,,,
India,Tripura,Graduate,LFPR,,,,,,
India,Tripura,Higher Secondary,LFPR,,,,,,
India,Tripura,Literate & Upto Primary,LFPR,,,,,,
India,Tripura,Middle,LFPR,,,,,,
India,Tripura,Not Literate,LFPR,,,,,,
India,Tripura,Post Graduate & Above,LFPR,,,,,,
India,Tripura,Secondary,LFPR,,,,,,
India,Tripura,Secondary & Above,LFPR,,,,,,
India,Uttar Pradesh,All,LFPR,,,,,,
India,Uttar Pradesh,Diploma/ Certificate Course,LFPR,,,,,,
India,Uttar Pradesh,Graduate,LFPR,,,,,,
India,Uttar Pradesh,Higher Secondary,LFPR,,,,,,
India,Uttar Pradesh,Literate & Upto Primary,LFPR,,,,,,
India,Uttar Pradesh,Middle,LFPR,,,,,,
India,Uttar Pradesh,Not Literate,LFPR,,,,,,
India,Uttar Pradesh,Post Graduate & Above,LFPR,,,,,,
India,Uttar Pradesh,Secondary,LFPR,,,,,,
India,Uttar Pradesh,Secondary & Above,LFPR,,,,,,
India,Uttarakhand,All,LFPR,,,,,,
India,Uttarakhand,Diploma/ Certificate Course,LFPR,,,,,,
India,Uttarakhand,Graduate,LFPR,,,,,,
India,Uttarakhand,Higher Secondary,LFPR,,,,,,
India,Uttarakhand,Literate & Upto Primary,LFPR,,,,,,
India,Uttarakhand,Middle,LFPR,,,,,,
India,Uttarakhand,Not Literate,LFPR,,,,,,
India,Uttarakhand,Post Graduate & Above,LFPR,,,,,,
India,Uttarakhand,Secondary,LFPR,,,,,,
India,Uttarakhand,Secondary & Above,LFPR,,,,,,
India,West Bengal,All,LFPR,,,,,,
India,West Bengal,Diploma/ Certificate Course,LFPR,,,,,,
India,West Bengal,Graduate,LFPR,,,,,,
India,West Bengal,Higher Secondary,LFPR,,,,,,
India,West Bengal,Literate & Upto Primary,LFPR,,,,,,
India,West Bengal,Middle,LFPR,,,,,,
India,West Bengal,Not Literate,LFPR,,,,,,
India,West Bengal,Post Graduate & Above,LFPR,,,,,,
India,West Bengal,Secondary,LFPR,,,,,,
India,West Bengal,Secondary & Above,LFPR,,,,,,
India,Andaman and Nicobar Islands,All,WPR,,,,,,
India,Andaman and Nicobar Islands,Diploma/ Certificate Course,WPR,,,,,,
India,Andaman and Nicobar Islands,Graduate,WPR,,,,,,
India,Andaman and Nicobar Islands,Higher Secondary,WPR,,,,,,
India,Andaman and Nicobar Islands,Literate & Upto Primary,WPR,,,,,,
India,Andaman and Nicobar Islands,Middle,WPR,,,,,,
India,Andaman and Nicobar Islands,Not Literate,WPR,,,,,,
India,Andaman and Nicobar Islands,Post Graduate & Above,WPR,,,,,,
India,Andaman and Nicobar Islands,Secondary,WPR,,,,,,
India,Andaman and Nicobar Islands,Secondary & Above,WPR,,,,,,
India,Andhra Pradesh,All,WPR,,,,,,
India,Andhra Pradesh,Diploma/ Certificate Course,WPR,,,,,,
India,Andhra Pradesh,Graduate,WPR,,,,,,
India,Andhra Pradesh,Higher Secondary,WPR,,,,,,
India,Andhra Pradesh,Literate & Upto Primary,WPR,,,,,,
India,Andhra Pradesh,Middle,WPR,,,,,,
India,Andhra Pradesh,Not Literate,WPR,,,,,,
India,Andhra Pradesh,Post Graduate & Above,WPR,,,,,,
India,Andhra Pradesh,Secondary,WPR,,,,,,
India,Andhra Pradesh,Secondary & Above,WPR,,,,,,
India,Arunachal Pradesh,All,WPR,,,,,,
India,Arunachal Pradesh,Diploma/ Certificate Course,WPR,,,,,,
India,Arunachal Pradesh,Graduate,WPR,,,,,,
India,Arunachal Pradesh,Higher Secondary,WPR,,,,,,
India,Arunachal Pradesh,Literate & Upto Primary,WPR,,,,,,
India,Arunachal Pradesh,Middle,WPR,,,,,,
India,Arunachal Pradesh,Not Literate,WPR,,,,,,
India,Arunachal Pradesh,Post Graduate & Above,WPR,,,,,,
India,Arunachal Pradesh,Secondary,WPR,,,,,,
India,Arunachal Pradesh,Secondary & Above,WPR,,,,,,
India,Assam,All,WPR,,,,,,
India,Assam,Diploma/ Certificate Course,WPR,,,,,,
India,Assam,Graduate,WPR,,,,,,
India,Assam,Higher Secondary,WPR,,,,,,
India,Assam,Literate & Upto Primary,WPR,,,,,,
India,Assam,Middle,WPR,,,,,,
India,Assam,Not Literate,WPR,,,,,,
India,Assam,Post Graduate & Above,WPR,,,,,,
India,Assam,Secondary,WPR,,,,,,
India,Assam,Secondary & Above,WPR,,,,,,
India,Bihar,All,WPR,,,,,,
India,Bihar,Diploma/ Certificate Course,WPR,,,,,,
India,Bihar,Graduate,WPR,,,,,,
India,Bihar,Higher Secondary,WPR,,,,,,
India,Bihar,Literate & Upto Primary,WPR,,,,,,
India,Bihar,Middle,WPR,,,,,,
India,Bihar,Not Literate,WPR,,,,,,
India,Bihar,Post Graduate & Above,WPR,,,,,,
India,Bihar,Secondary,WPR,,,,,,
India,Bihar,Secondary & Above,WPR,,,,,,
India,Chandigarh,All,WPR,,,,,,
India,Chandigarh,Diploma/ Certificate Course,WPR,,,,,,
India,Chandigarh,Graduate,WPR,,,,,,
India,Chandigarh,Higher Secondary,WPR,,,,,,
India,Chandigarh,Literate & Upto Primary,WPR,,,,,,
India,Chandigarh,Middle,WPR,,,,,,
India,Chandigarh,Not Literate,WPR,,,,,,
India,Chandigarh,Post Graduate & Above,WPR,,,,,,
India,Chandigarh,Secondary,WPR,,,,,,
India,Chandigarh,Secondary & Above,WPR,,,,,,
India,Chhattisgarh,All,WPR,,,,,,
India,Chhattisgarh,Diploma/ Certificate Course,WPR,,,,,,
India,Chhattisgarh,Graduate,WPR,,,,,,
India,Chhattisgarh,Higher Secondary,WPR,,,,,,
India,Chhattisgarh,Literate & Upto Primary,WPR,,,,,,
India,Chhattisgarh,Middle,WPR,,,,,,
India,Chhattisgarh,Not Literate,WPR,,,,,,
India,Chhattisgarh,Post Graduate & Above,WPR,,,,,,
India,Chhattisgarh,Secondary,WPR,,,,,,
India,Chhattisgarh,Secondary & Above,WPR,,,,,,
India,Delhi,All,WPR,,,,,,
India,Delhi,Diploma/ Certificate Course,WPR,,,,,,
India,Delhi,Graduate,WPR,,,,,,
India,Delhi,Higher Secondary,WPR,,,,,,
India,Delhi,Literate & Upto Primary,WPR,,,,,,
India,Delhi,Middle,WPR,,,,,,
India,Delhi,Not Literate,WPR,,,,,,
India,Delhi,Post Graduate & Above,WPR,,,,,,
India,Delhi,Secondary,WPR,,,,,,
India,Delhi,Secondary & Above,WPR,,,,,,
India,Goa,All,WPR,,,,,,
India,Goa,Diploma/ Certificate Course,WPR,,,,,,
India,Goa,Graduate,WPR,,,,,,
India,Goa,Higher Secondary,WPR,,,,,,
India,Goa,Literate & Upto Primary,WPR,,,,,,
India,Goa,Middle,WPR,,,,,,
India,Goa,Not Literate,WPR,,,,,,
India,Goa,Post Graduate & Above,WPR,,,,,,
India,Goa,Secondary,WPR,,,,,,
India,Goa,Secondary & Above,WPR,,,,,,
India,Gujarat,All,WPR,,,,,,
India,Gujarat,Diploma/ Certificate Course,WPR,,,,,,
India,Gujarat,Graduate,WPR,,,,,,
India,Gujarat,Higher Secondary,WPR,,,,,,
India,Gujarat,Literate & Upto Primary,WPR,,,,,,
India,Gujarat,Middle,WPR,,,,,,
India,Gujarat,Not Literate,WPR,,,,,,
India,Gujarat,Post Graduate & Above,WPR,,,,,,
India,Gujarat,Secondary,WPR,,,,,,
India,Gujarat,Secondary & Above,WPR,,,,,,
India,Haryana,All,WPR,,,,,,
India,Haryana,Diploma/ Certificate Course,WPR,,,,,,
India,Haryana,Graduate,WPR,,,,,,
India,Haryana,Higher Secondary,WPR,,,,,,
India,Haryana,Literate & Upto Primary,WPR,,,,,,
India,Haryana,Middle,WPR,,,,,,
India,Haryana,Not Literate,WPR,,,,,,
India,Haryana,Post Graduate & Above,WPR,,,,,,
India,Haryana,Secondary,WPR,,,,,,
India,Haryana,Secondary & Above,WPR,,,,,,
India,Himachal Pradesh,All,WPR,,,,,,
India,Himachal Pradesh,Diploma/ Certificate Course,WPR,,,,,,
India,Himachal Pradesh,Graduate,WPR,,,,,,
India,Himachal Pradesh,Higher Secondary,WPR,,,,,,
India,Himachal Pradesh,Literate & Upto Primary,WPR,,,,,,
India,Himachal Pradesh,Middle,WPR,,,,,,
India,Himachal Pradesh,Not Literate,WPR,,,,,,
India,Himachal Pradesh,Post Graduate & Above,WPR,,,,,,
India,Himachal Pradesh,Secondary,WPR,,,,,,
India,Himachal Pradesh,Secondary & Above,WPR,,,,,,
India,Jammu and Kashmir,All,WPR,,,,,,
India,Jammu and Kashmir,Diploma/ Certificate Course,WPR,,,,,,
India,Jammu and Kashmir,Graduate,WPR,,,,,,
India,Jammu and Kashmir,Higher Secondary,WPR,,,,,,
India,Jammu and Kashmir,Literate & Upto Primary,WPR,,,,,,
India,Jammu and Kashmir,Middle,WPR,,,,,,
India,Jammu and Kashmir,Not Literate,WPR,,,,,,
India,Jammu and Kashmir,Post Graduate & Above,WPR,,,,,,
India,Jammu and Kashmir,Secondary,WPR,,,,,,
India,Jammu and Kashmir,Secondary & Above,WPR,,,,,,
India,Jharkhand,All,WPR,,,,,,
India,Jharkhand,Diploma/ Certificate Course,WPR,,,,,,
India,Jharkhand,Graduate,WPR,,,,,,
India,Jharkhand,Higher Secondary,WPR,,,,,,
India,Jharkhand,Literate & Upto Primary,WPR,,,,,,
India,Jharkhand,Middle,WPR,,,,,,
India,Jharkhand,Not Literate,WPR,,,,,,
India,Jharkhand,Post Graduate & Above,WPR,,,,,,
India,Jharkhand,Secondary,WPR,,,,,,
India,Jharkhand,Secondary & Above,WPR,,,,,,
India,Karnataka,All,WPR,,,,,,
India,Karnataka,Diploma/ Certificate Course,WPR,,,,,,
India,Karnataka,Graduate,WPR,,,,,,
India,Karnataka,Higher Secondary,WPR,,,,,,
India,Karnataka,Literate & Upto Primary,WPR,,,,,,
India,Karnataka,Middle,WPR,,,,,,
India,Karnataka,Not Literate,WPR,,,,,,
India,Karnataka,Post Graduate & Above,WPR,,,,,,
India,Karnataka,Secondary,WPR,,,,,,
India,Karnataka,Secondary & Above,WPR,,,,,,
India,Kerala,All,WPR,,,,,,
India,Kerala,Diploma/ Certificate Course,WPR,,,,,,
India,Kerala,Graduate,WPR,,,,,,
India,Kerala,Higher Secondary,WPR,,,,,,
India,Kerala,Literate & Upto Primary,WPR,,,,,,
India,Kerala,Middle,WPR,,,,,,
India,Kerala,Not Literate,WPR,,,,,,
India,Kerala,Post Graduate & Above,WPR,,,,,,
India,Kerala,Secondary,WPR,,,,,,
India,Kerala,Secondary & Above,WPR,,,,,,
India,Ladakh,All,WPR,,,,,,
India,Ladakh,Diploma/ Certificate Course,WPR,,,,,,
India,Ladakh,Graduate,WPR,,,,,,
India,Ladakh,Higher Secondary,WPR,,,,,,
India,Ladakh,Literate & Upto Primary,WPR,,,,,,
India,Ladakh,Middle,WPR,,,,,,
India,Ladakh,Not Literate,WPR,,,,,,
India,Ladakh,Post Graduate & Above,WPR,,,,,,
India,Ladakh,Secondary,WPR,,,,,,
India,Ladakh,Secondary & Above,WPR,,,,,,
India,Lakshadweep,All,WPR,,,,,,
India,Lakshadweep,Diploma/ Certificate Course,WPR,,,,,,
India,Lakshadweep,Graduate,WPR,,,,,,
India,Lakshadweep,Higher Secondary,WPR,,,,,,
India,Lakshadweep,Literate & Upto Primary,WPR,,,,,,
India,Lakshadweep,Middle,WPR,,,,,,
India,Lakshadweep,Not Literate,WPR,,,,,,
India,Lakshadweep,Post Graduate & Above,WPR,,,,,,
India,Lakshadweep,Secondary,WPR,,,,,,
India,Lakshadweep,Secondary & Above,WPR,,,,,,
India,Madhya Pradesh,All,WPR,,,,,,
India,Madhya Pradesh,Diploma/ Certificate Course,WPR,,,,,,
India,Madhya Pradesh,Graduate,WPR,,,,,,
India,Madhya Pradesh,Higher Secondary,WPR,,,,,,
India,Madhya Pradesh,Literate & Upto Primary,WPR,,,,,,
India,Madhya Pradesh,Middle,WPR,,,,,,
India,Madhya Pradesh,Not Literate,WPR,,,,,,
India,Madhya Pradesh,Post Graduate & Above,WPR,,,,,,
India,Madhya Pradesh,Secondary,WPR,,,,,,
India,Madhya Pradesh,Secondary & Above,WPR,,,,,,
India,Maharashtra,All,WPR,,,,,,
India,Maharashtra,Diploma/ Certificate Course,WPR,,,,,,
India,Maharashtra,Graduate,WPR,,,,,,
India,Maharashtra,Higher Secondary,WPR,,,,,,
India,Maharashtra,Literate & Upto Primary,WPR,,,,,,
India,Maharashtra,Middle,WPR,,,,,,
India,Maharashtra,Not Literate,WPR,,,,,,
India,Maharashtra,Post Graduate & Above,WPR,,,,,,
India,Maharashtra,Secondary,WPR,,,,,,
India,Maharashtra,Secondary & Above,WPR,,,,,,
India,Manipur,All,WPR,,,,,,
India,Manipur,Diploma/ Certificate Course,WPR,,,,,,
India,Manipur,Graduate,WPR,,,,,,
India,Manipur,Higher Secondary,WPR,,,,,,
India,Manipur,Literate & Upto Primary,WPR,,,,,,
India,Manipur,Middle,WPR,,,,,,
India,Manipur,Not Literate,WPR,,,,,,
India,Manipur,Post Graduate & Above,WPR,,,,,,
India,Manipur,Secondary,WPR,,,,,,
India,Manipur,Secondary & Above,WPR,,,,,,
India,Meghalaya,All,WPR,,,,,,
India,Meghalaya,Diploma/ Certificate Course,WPR,,,,,,
India,Meghalaya,Graduate,WPR,,,,,,
India,Meghalaya,Higher Secondary,WPR,,,,,,
India,Meghalaya,Literate & Upto Primary,WPR,,,,,,
India,Meghalaya,Middle,WPR,,,,,,
India,Meghalaya,Not Literate,WPR,,,,,,
India,Meghalaya,Post Graduate & Above,WPR,,,,,,
India,Meghalaya,Secondary,WPR,,,,,,
India,Meghalaya,Secondary & Above,WPR,,,,,,
India,Mizoram,All,WPR,,,,,,
India,Mizoram,Diploma/ Certificate Course,WPR,,,,,,
India,Mizoram,Graduate,WPR,,,,,,
India,Mizoram,Higher Secondary,WPR,,,,,,
India,Mizoram,Literate & Upto Primary,WPR,,,,,,
India,Mizoram,Middle,WPR,,,,,,
India,Mizoram,Not Literate,WPR,,,,,,
India,Mizoram,Post Graduate & Above,WPR,,,,,,
India,Mizoram,Secondary,WPR,,,,,,
India,Mizoram,Secondary & Above,WPR,,,,,,
India,Nagaland,All,WPR,,,,,,
India,Nagaland,Diploma/ Certificate Course,WPR,,,,,,
India,Nagaland,Graduate,WPR,,,,,,
India,Nagaland,Higher Secondary,WPR,,,,,,
India,Nagaland,Literate & Upto Primary,WPR,,,,,,
India,Nagaland,Middle,WPR,,,,,,
India,Nagaland,Not Literate,WPR,,,,,,
India,Nagaland,Post Graduate & Above,WPR,,,,,,
India,Nagaland,Secondary,WPR,,,,,,
India,Nagaland,Secondary & Above,WPR,,,,,,
India,Odisha,All,WPR,,,,,,
India,Odisha,Diploma/ Certificate Course,WPR,,,,,,
India,Odisha,Graduate,WPR,,,,,,
India,Odisha,Higher Secondary,WPR,,,,,,
India,Odisha,Literate & Upto Primary,WPR,,,,,,
India,Odisha,Middle,WPR,,,,,,
India,Odisha,Not Literate,WPR,,,,,,
India,Odisha,Post Graduate & Above,WPR,,,,,,
India,Odisha,Secondary,WPR,,,,,,
India,Odisha,Secondary & Above,WPR,,,,,,
India,Puducherry,All,WPR,,,,,,
India,Puducherry,Diploma/ Certificate Course,WPR,,,,,,
India,Puducherry,Graduate,WPR,,,,,,
India,Puducherry,Higher Secondary,WPR,,,,,,
India,Puducherry,Literate & Upto Primary,WPR,,,,,,
India,Puducherry,Middle,WPR,,,,,,
India,Puducherry,Not Literate,WPR,,,,,,
India,Puducherry,Post Graduate & Above,WPR,,,,,,
India,Puducherry,Secondary,WPR,,,,,,
India,Puducherry,Secondary & Above,WPR,,,,,,
India,Punjab,All,WPR,,,,,,
India,Punjab,Diploma/ Certificate Course,WPR,,,,,,
India,Punjab,Graduate,WPR,,,,,,
India,Punjab,Higher Secondary,WPR,,,,,,
India,Punjab,Literate & Upto Primary,WPR,,,,,,
India,Punjab,Middle,WPR,,,,,,
India,Punjab,Not Literate,WPR,,,,,,
India,Punjab,Post Graduate & Above,WPR,,,,,,
India,Punjab,Secondary,WPR,,,,,,
India,Punjab,Secondary & Above,WPR,,,,,,
India,Rajasthan,All,WPR,,,,,,
India,Rajasthan,Diploma/ Certificate Course,WPR,,,,,,
India,Rajasthan,Graduate,WPR,,,,,,
India,Rajasthan,Higher Secondary,WPR,,,,,,
India,Rajasthan,Literate & Upto Primary,WPR,,,,,,
India,Rajasthan,Middle,WPR,,,,,,
India,Rajasthan,Not Literate,WPR,,,,,,
India,Rajasthan,Post Graduate & Above,WPR,,,,,,
India,Rajasthan,Secondary,WPR,,,,,,
India,Rajasthan,Secondary & Above,WPR,,,,,,
India,Sikkim,All,WPR,,,,,,
India,Sikkim,Diploma/ Certificate Course,WPR,,,,,,
India,Sikkim,Graduate,WPR,,,,,,
India,Sikkim,Higher Secondary,WPR,,,,,,
India,Sikkim,Literate & Upto Primary,WPR,,,,,,
India,Sikkim,Middle,WPR,,,,,,
India,Sikkim,Not Literate,WPR,,,,,,
India,Sikkim,Post Graduate & Above,WPR,,,,,,
India,Sikkim,Secondary,WPR,,,,,,
India,Sikkim,Secondary & Above,WPR,,,,,,
India,Tamil Nadu,All,WPR,,,,,,
India,Tamil Nadu,Diploma/ Certificate Course,WPR,,,,,,
India,Tamil Nadu,Graduate,WPR,,,,,,
India,Tamil Nadu,Higher Secondary,WPR,,,,,,
India,Tamil Nadu,Literate & Upto Primary,WPR,,,,,,
India,Tamil Nadu,Middle,WPR,,,,,,
India,Tamil Nadu,Not Literate,WPR,,,,,,
India,Tamil Nadu,Post Graduate & Above,WPR,,,,,,
India,Tamil Nadu,Secondary,WPR,,,,,,
India,Tamil Nadu,Secondary & Above,WPR,,,,,,
India,Telangana,All,WPR,,,,,,
India,Telangana,Diploma/ Certificate Course,WPR,,,,,,
India,Telangana,Graduate,WPR,,,,,,
India,Telangana,Higher Secondary,WPR,,,,,,
India,Telangana,Literate & Upto Primary,WPR,,,,,,
India,Telangana,Middle,WPR,,,,,,
India,Telangana,Not Literate,WPR,,,,,,
India,Telangana,Post Graduate & Above,WPR,,,,,,
India,Telangana,Secondary,WPR,,,,,,
India,Telangana,Secondary & Above,WPR,,,,,,
India,The Dadra and Nagar Haveli and Daman and Diu,All,WPR,,,,,,
India,The Dadra and Nagar Haveli and Daman and Diu,Diploma/ Certificate Course,WPR,,,,,,
India,The Dadra and Nagar Haveli and Daman and Diu,Graduate,WPR,,,,,,
India,The Dadra and Nagar Haveli and Daman and Diu,Higher Secondary,WPR,,,,,,
India,The Dadra and Nagar Haveli and Daman and Diu,Literate & Upto Primary,WPR,,,,,,
India,The Dadra and Nagar Haveli and Daman and Diu,Middle,WPR,,,,,,
India,The Dadra and Nagar Haveli and Daman and Diu,Not Literate,WPR,,,,,,
India,The Dadra and Nagar Haveli and Daman and Diu,Post Graduate & Above,WPR,,,,,,
India,The Dadra and Nagar Haveli and Daman and Diu,Secondary,WPR,,,,,,
India,The Dadra and Nagar Haveli and Daman and Diu,Secondary & Above,WPR,,,,,,
India,Tripura,All,WPR,,,,,,
India,Tripura,Diploma/ Certificate Course,WPR,,,,,,
India,Tripura,Graduate,WPR,,,,,,
India,Tripura,Higher Secondary,WPR,,,,,,
India,Tripura,Literate & Upto Primary,WPR,,,,,,
India,Tripura,Middle,WPR,,,,,,
India,Tripura,Not Literate,WPR,,,,,,
India,Tripura,Post Graduate & Above,WPR,,,,,,
India,Tripura,Secondary,WPR,,,,,,
India,Tripura,Secondary & Above,WPR,,,,,,
India,Uttar Pradesh,All,WPR,,,,,,
India,Uttar Pradesh,Diploma/ Certificate Course,WPR,,,,,,
India,Uttar Pradesh,Graduate,WPR,,,,,,
India,Uttar Pradesh,Higher Secondary,WPR,,,,,,
India,Uttar Pradesh,Literate & Upto Primary,WPR,,,,,,
India,Uttar Pradesh,Middle,WPR,,,,,,
India,Uttar Pradesh,Not Literate,WPR,,,,,,
India,Uttar Pradesh,Post Graduate & Above,WPR,,,,,,
India,Uttar Pradesh,Secondary,WPR,,,,,,
India,Uttar Pradesh,Secondary & Above,WPR,,,,,,
India,Uttarakhand,All,WPR,,,,,,
India,Uttarakhand,Diploma/ Certificate Course,WPR,,,,,,
India,Uttarakhand,Graduate,WPR,,,,,,
India,Uttarakhand,Higher Secondary,WPR,,,,,,
India,Uttarakhand,Literate & Upto Primary,WPR,,,,,,
India,Uttarakhand,Middle,WPR,,,,,,
India,Uttarakhand,Not Literate,WPR,,,,,,
India,Uttarakhand,Post Graduate & Above,WPR,,,,,,
India,Uttarakhand,Secondary,WPR,,,,,,
India,Uttarakhand,Secondary & Above,WPR,,,,,,
India,West Bengal,All,WPR,,,,,,
India,West Bengal,Diploma/ Certificate Course,WPR,,,,,,
India,West Bengal,Graduate,WPR,,,,,,
India,West Bengal,Higher Secondary,WPR,,,,,,
India,West Bengal,Literate & Upto Primary,WPR,,,,,,
India,West Bengal,Middle,WPR,,,,,,
India,West Bengal,Not Literate,WPR,,,,,,
India,West Bengal,Post Graduate & Above,WPR,,,,,,
India,West Bengal,Secondary,WPR,,,,,,
India,West Bengal,Secondary & Above,WPR,,,,,,
India,Andaman and Nicobar Islands,All,Unemployment_Rate,,,,,,
India,Andaman and Nicobar Islands,Diploma/ Certificate Course,Unemployment_Rate,,,,,,
India,Andaman and Nicobar Islands,Graduate,Unemployment_Rate,,,,,,
India,Andaman and Nicobar Islands,Higher Secondary,Unemployment_Rate,,,,,,
India,Andaman and Nicobar Islands,Literate & Upto Primary,Unemployment_Rate,,,,,,
India,Andaman and Nicobar Islands,Middle,Unemployment_Rate,,,,,,
India,Andaman and Nicobar Islands,Not Literate,Unemployment_Rate,,,,,,
India,Andaman and Nicobar Islands,Post Graduate & Above,Unemployment_Rate,,,,,,
India,Andaman and Nicobar Islands,Secondary,Unemployment_Rate,,,,,,
India,Andaman and Nicobar Islands,Secondary & Above,Unemployment_Rate,,,,,,
India,Andhra Pradesh,All,Unemployment_Rate,,,,,,
India,Andhra Pradesh,Diploma/ Certificate Course,Unemployment_Rate,,,,,,
India,Andhra Pradesh,Graduate,Unemployment_Rate,,,,,,
India,Andhra Pradesh,Higher Secondary,Unemployment_Rate,,,,,,
India,Andhra Pradesh,Literate & Upto Primary,Unemployment_Rate,,,,,,
India,Andhra Pradesh,Middle,Unemployment_Rate,,,,,,
India,Andhra Pradesh,Not Literate,Unemployment_Rate,,,,,,
India,Andhra Pradesh,Post Graduate & Above,Unemployment_Rate,,,,,,
India,Andhra Pradesh,Secondary,Unemployment_Rate,,,,,,
India,Andhra Pradesh,Secondary & Above,Unemployment_Rate,,,,,,
India,Arunachal Pradesh,All,Unemployment_Rate,,,,,,
India,Arunachal Pradesh,Diploma/ Certificate Course,Unemployment_Rate,,,,,,
India,Arunachal Pradesh,Graduate,Unemployment_Rate,,,,,,
India,Arunachal Pradesh,Higher Secondary,Unemployment_Rate,,,,,,
India,Arunachal Pradesh,Literate & Upto Primary,Unemployment_Rate,,,,,,
India,Arunachal Pradesh,Middle,Unemployment_Rate,,,,,,
India,Arunachal Pradesh,Not Literate,Unemployment_Rate,,,,,,
India,Arunachal Pradesh,Post Graduate & Above,Unemployment_Rate,,,,,,
India,Arunachal Pradesh,Secondary,Unemployment_Rate,,,,,,
India,Arunachal Pradesh,Secondary & Above,Unemployment_Rate,,,,,,
India,Assam,All,Unemployment_Rate,,,,,,
India,Assam,Diploma/ Certificate Course,Unemployment_Rate,,,,,,
India,Assam,Graduate,Unemployment_Rate,,,,,,
India,Assam,Higher Secondary,Unemployment_Rate,,,,,,
India,Assam,Literate & Upto Primary,Unemployment_Rate,,,,,,
India,Assam,Middle,Unemployment_Rate,,,,,,
India,Assam,Not Literate,Unemployment_Rate,,,,,,
India,Assam,Post Graduate & Above,Unemployment_Rate,,,,,,
India,Assam,Secondary,Unemployment_Rate,,,,,,
India,Assam,Secondary & Above,Unemployment_Rate,,,,,,
India,Bihar,All,Unemployment_Rate,,,,,,
India,Bihar,Diploma/ Certificate Course,Unemployment_Rate,,,,,,
India,Bihar,Graduate,Unemployment_Rate,,,,,,
India,Bihar,Higher Secondary,Unemployment_Rate,,,,,,
India,Bihar,Literate & Upto Primary,Unemployment_Rate,,,,,,
India,Bihar,Middle,Unemployment_Rate,,,,,,
India,Bihar,Not Literate,Unemployment_Rate,,,,,,
India,Bihar,Post Graduate & Above,Unemployment_Rate,,,,,,
India,Bihar,Secondary,Unemployment_Rate,,,,,,
India,Bihar,Secondary & Above,Unemployment_Rate,,,,,,
India,Chandigarh,All,Unemployment_Rate,,,,,,
India,Chandigarh,Diploma/ Certificate Course,Unemployment_Rate,,,,,,
India,Chandigarh,Graduate,Unemployment_Rate,,,,,,
India,Chandigarh,Higher Secondary,Unemployment_Rate,,,,,,
India,Chandigarh,Literate & Upto Primary,Unemployment_Rate,,,,,,
India,Chandigarh,Middle,Unemployment_Rate,,,,,,
India,Chandigarh,Not Literate,Unemployment_Rate,,,,,,
India,Chandigarh,Post Graduate & Above,Unemployment_Rate,,,,,,
India,Chandigarh,Secondary,Unemployment_Rate,,,,,,
India,Chandigarh,Secondary & Above,Unemployment_Rate,,,,,,
India,Chhattisgarh,All,Unemployment_Rate,,,,,,
India,Chhattisgarh,Diploma/ Certificate Course,Unemployment_Rate,,,,,,
India,Chhattisgarh,Graduate,Unemployment_Rate,,,,,,
India,Chhattisgarh,Higher Secondary,Unemployment_Rate,,,,,,
India,Chhattisgarh,Literate & Upto Primary,Unemployment_Rate,,,,,,
India,Chhattisgarh,Middle,Unemployment_Rate,,,,,,
India,Chhattisgarh,Not Literate,Unemployment_Rate,,,,,,
India,Chhattisgarh,Post Graduate & Above,Unemployment_Rate,,,,,,
India,Chhattisgarh,Secondary,Unemployment_Rate,,,,,,
India,Chhattisgarh,Secondary & Above,Unemployment_Rate,,,,,,
India,Delhi,All,Unemployment_Rate,,,,,,
India,Delhi,Diploma/ Certificate Course,Unemployment_Rate,,,,,,
India,Delhi,Graduate,Unemployment_Rate,,,,,,
India,Delhi,Higher Secondary,Unemployment_Rate,,,,,,
India,Delhi,Literate & Upto Primary,Unemployment_Rate,,,,,,
India,Delhi,Middle,Unemployment_Rate,,,,,,
India,Delhi,Not Literate,Unemployment_Rate,,,,,,
India,Delhi,Post Graduate & Above,Unemployment_Rate,,,,,,
India,Delhi,Secondary,Unemployment_Rate,,,,,,
India,Delhi,Secondary & Above,Unemployment_Rate,,,,,,
India,Goa,All,Unemployment_Rate,,,,,,
India,Goa,Diploma/ Certificate Course,Unemployment_Rate,,,,,,
India,Goa,Graduate,Unemployment_Rate,,,,,,
India,Goa,Higher Secondary,Unemployment_Rate,,,,,,
India,Goa,Literate & Upto Primary,Unemployment_Rate,,,,,,
India,Goa,Middle,Unemployment_Rate,,,,,,
India,Goa,Not Literate,Unemployment_Rate,,,,,,
India,Goa,Post Graduate & Above,Unemployment_Rate,,,,,,
India,Goa,Secondary,Unemployment_Rate,,,,,,
India,Goa,Secondary & Above,Unemployment_Rate,,,,,,
India,Gujarat,All,Unemployment_Rate,,,,,,
India,Gujarat,Diploma/ Certificate Course,Unemployment_Rate,,,,,,
India,Gujarat,Graduate,Unemployment_Rate,,,,,,
India,Gujarat,Higher Secondary,Unemployment_Rate,,,,,,
India,Gujarat,Literate & Upto Primary,Unemployment_Rate,,,,,,
India,Gujarat,Middle,Unemployment_Rate,,,,,,
India,Gujarat,Not Literate,Unemployment_Rate,,,,,,
India,Gujarat,Post Graduate & Above,Unemployment_Rate,,,,,,
India,Gujarat,Secondary,Unemployment_Rate,,,,,,
India,Gujarat,Secondary & Above,Unemployment_Rate,,,,,,
India,Haryana,All,Unemployment_Rate,,,,,,
India,Haryana,Diploma/ Certificate Course,Unemployment_Rate,,,,,,
India,Haryana,Graduate,Unemployment_Rate,,,,,,
India,Haryana,Higher Secondary,Unemployment_Rate,,,,,,
India,Haryana,Literate & Upto Primary,Unemployment_Rate,,,,,,
India,Haryana,Middle,Unemployment_Rate,,,,,,
India,Haryana,Not Literate,Unemployment_Rate,,,,,,
India,Haryana,Post Graduate & Above,Unemployment_Rate,,,,,,
India,Haryana,Secondary,Unemployment_Rate,,,,,,
India,Haryana,Secondary & Above,Unemployment_Rate,,,,,,
India,Himachal Pradesh,All,Unemployment_Rate,,,,,,
India,Himachal Pradesh,Diploma/ Certificate Course,Unemployment_Rate,,,,,,
India,Himachal Pradesh,Graduate,Unemployment_Rate,,,,,,
India,Himachal Pradesh,Higher Secondary,Unemployment_Rate,,,,,,
India,Himachal Pradesh,Literate & Upto Primary,Unemployment_Rate,,,,,,
India,Himachal Pradesh,Middle,Unemployment_Rate,,,,,,
India,Himachal Pradesh,Not Literate,Unemployment_Rate,,,,,,
India,Himachal Pradesh,Post Graduate & Above,Unemployment_Rate,,,,,,
India,Himachal Pradesh,Secondary,Unemployment_Rate,,,,,,
India,Himachal Pradesh,Secondary & Above,Unemployment_Rate,,,,,,
India,Jammu and Kashmir,All,Unemployment_Rate,,,,,,
India,Jammu and Kashmir,Diploma/ Certificate Course,Unemployment_Rate,,,,,,
India,Jammu and Kashmir,Graduate,Unemployment_Rate,,,,,,
India,Jammu and Kashmir,Higher Secondary,Unemployment_Rate,,,,,,
India,Jammu and Kashmir,Literate & Upto Primary,Unemployment_Rate,,,,,,
India,Jammu and Kashmir,Middle,Unemployment_Rate,,,,,,
India,Jammu and Kashmir,Not Literate,Unemployment_Rate,,,,,,
India,Jammu and Kashmir,Post Graduate & Above,Unemployment_Rate,,,,,,
India,Jammu and Kashmir,Secondary,Unemployment_Rate,,,,,,
India,Jammu and Kashmir,Secondary & Above,Unemployment_Rate,,,,,,
India,Jharkhand,All,Unemployment_Rate,,,,,,
India,Jharkhand,Diploma/ Certificate Course,Unemployment_Rate,,,,,,
India,Jharkhand,Graduate,Unemployment_Rate,,,,,,
India,Jharkhand,Higher Secondary,Unemployment_Rate,,,,,,
India,Jharkhand,Literate & Upto Primary,Unemployment_Rate,,,,,,
India,Jharkhand,Middle,Unemployment_Rate,,,,,,
India,Jharkhand,Not Literate,Unemployment_Rate,,,,,,
India,Jharkhand,Post Graduate & Above,Unemployment_Rate,,,,,,
India,Jharkhand,Secondary,Unemployment_Rate,,,,,,
India,Jharkhand,Secondary & Above,Unemployment_Rate,,,,,,
India,Karnataka,All,Unemployment_Rate,,,,,,
India,Karnataka,Diploma/ Certificate Course,Unemployment_Rate,,,,,,
India,Karnataka,Graduate,Unemployment_Rate,,,,,,
India,Karnataka,Higher Secondary,Unemployment_Rate,,,,,,
India,Karnataka,Literate & Upto Primary,Unemployment_Rate,,,,,,
India,Karnataka,Middle,Unemployment_Rate,,,,,,
India,Karnataka,Not Literate,Unemployment_Rate,,,,,,
India,Karnataka,Post Graduate & Above,Unemployment_Rate,,,,,,
India,Karnataka,Secondary,Unemployment_Rate,,,,,,
India,Karnataka,Secondary & Above,Unemployment_Rate,,,,,,
India,Kerala,All,Unemployment_Rate,,,,,,
India,Kerala,Diploma/ Certificate Course,Unemployment_Rate,,,,,,
India,Kerala,Graduate,Unemployment_Rate,,,,,,
India,Kerala,Higher Secondary,Unemployment_Rate,,,,,,
India,Kerala,Literate & Upto Primary,Unemployment_Rate,,,,,,
India,Kerala,Middle,Unemployment_Rate,,,,,,
India,Kerala,Not Literate,Unemployment_Rate,,,,,,
India,Kerala,Post Graduate & Above,Unemployment_Rate,,,,,,
India,Kerala,Secondary,Unemployment_Rate,,,,,,
India,Kerala,Secondary & Above,Unemployment_Rate,,,,,,
India,Ladakh,All,Unemployment_Rate,,,,,,
India,Ladakh,Diploma/ Certificate Course,Unemployment_Rate,,,,,,
India,Ladakh,Graduate,Unemployment_Rate,,,,,,
India,Ladakh,Higher Secondary,Unemployment_Rate,,,,,,
India,Ladakh,Literate & Upto Primary,Unemployment_Rate,,,,,,
India,Ladakh,Middle,Unemployment_Rate,,,,,,
India,Ladakh,Not Literate,Unemployment_Rate,,,,,,
India,Ladakh,Post Graduate & Above,Unemployment_Rate,,,,,,
India,Ladakh,Secondary,Unemployment_Rate,,,,,,
India,Ladakh,Secondary & Above,Unemployment_Rate,,,,,,
India,Lakshadweep,All,Unemployment_Rate,,,,,,
India,Lakshadweep,Diploma/ Certificate Course,Unemployment_Rate,,,,,,
India,Lakshadweep,Graduate,Unemployment_Rate,,,,,,
India,Lakshadweep,Higher Secondary,Unemployment_Rate,,,,,,
India,Lakshadweep,Literate & Upto Primary,Unemployment_Rate,,,,,,
India,Lakshadweep,Middle,Unemployment_Rate,,,,,,
India,Lakshadweep,Not Literate,Unemployment_Rate,,,,,,
India,Lakshadweep,Post Graduate & Above,Unemployment_Rate,,,,,,
India,Lakshadweep,Secondary,Unemployment_Rate,,,,,,
India,Lakshadweep,Secondary & Above,Unemployment_Rate,,,,,,
India,Madhya Pradesh,All,Unemployment_Rate,,,,,,
India,Madhya Pradesh,Diploma/ Certificate Course,Unemployment_Rate,,,,,,
India,Madhya Pradesh,Graduate,Unemployment_Rate,,,,,,
India,Madhya Pradesh,Higher Secondary,Unemployment_Rate,,,,,,
India,Madhya Pradesh,Literate & Upto Primary,Unemployment_Rate,,,,,,
India,Madhya Pradesh,Middle,Unemployment_Rate,,,,,,
India,Madhya Pradesh,Not Literate,Unemployment_Rate,,,,,,
India,Madhya Pradesh,Post Graduate & Above,Unemployment_Rate,,,,,,
India,Madhya Pradesh,Secondary,Unemployment_Rate,,,,,,
India,Madhya Pradesh,Secondary & Above,Unemployment_Rate,,,,,,
India,Maharashtra,All,Unemployment_Rate,,,,,,
India,Maharashtra,Diploma/ Certificate Course,Unemployment_Rate,,,,,,
India,Maharashtra,Graduate,Unemployment_Rate,,,,,,
India,Maharashtra,Higher Secondary,Unemployment_Rate,,,,,,
India,Maharashtra,Literate & Upto Primary,Unemployment_Rate,,,,,,
India,Maharashtra,Middle,Unemployment_Rate,,,,,,
India,Maharashtra,Not Literate,Unemployment_Rate,,,,,,
India,Maharashtra,Post Graduate & Above,Unemployment_Rate,,,,,,
India,Maharashtra,Secondary,Unemployment_Rate,,,,,,
India,Maharashtra,Secondary & Above,Unemployment_Rate,,,,,,
India,Manipur,All,Unemployment_Rate,,,,,,
India,Manipur,Diploma/ Certificate Course,Unemployment_Rate,,,,,,
India,Manipur,Graduate,Unemployment_Rate,,,,,,
India,Manipur,Higher Secondary,Unemployment_Rate,,,,,,
India,Manipur,Literate & Upto Primary,Unemployment_Rate,,,,,,
India,Manipur,Middle,Unemployment_Rate,,,,,,
India,Manipur,Not Literate,Unemployment_Rate,,,,,,
India,Manipur,Post Graduate & Above,Unemployment_Rate,,,,,,
India,Manipur,Secondary,Unemployment_Rate,,,,,,
India,Manipur,Secondary & Above,Unemployment_Rate,,,,,,
India,Meghalaya,All,Unemployment_Rate,,,,,,
India,Meghalaya,Diploma/ Certificate Course,Unemployment_Rate,,,,,,
India,Meghalaya,Graduate,Unemployment_Rate,,,,,,
India,Meghalaya,Higher Secondary,Unemployment_Rate,,,,,,
India,Meghalaya,Literate & Upto Primary,Unemployment_Rate,,,,,,
India,Meghalaya,Middle,Unemployment_Rate,,,,,,
India,Meghalaya,Not Literate,Unemployment_Rate,,,,,,
India,Meghalaya,Post Graduate & Above,Unemployment_Rate,,,,,,
India,Meghalaya,Secondary,Unemployment_Rate,,,,,,
India,Meghalaya,Secondary & Above,Unemployment_Rate,,,,,,
India,Mizoram,All,Unemployment_Rate,,,,,,
India,Mizoram,Diploma/ Certificate Course,Unemployment_Rate,,,,,,
India,Mizoram,Graduate,Unemployment_Rate,,,,,,
India,Mizoram,Higher Secondary,Unemployment_Rate,,,,,,
India,Mizoram,Literate & Upto Primary,Unemployment_Rate,,,,,,
India,Mizoram,Middle,Unemployment_Rate,,,,,,
India,Mizoram,Not Literate,Unemployment_Rate,,,,,,
India,Mizoram,Post Graduate & Above,Unemployment_Rate,,,,,,
India,Mizoram,Secondary,Unemployment_Rate,,,,,,
India,Mizoram,Secondary & Above,Unemployment_Rate,,,,,,
India,Nagaland,All,Unemployment_Rate,,,,,,
India,Nagaland,Diploma/ Certificate Course,Unemployment_Rate,,,,,,
India,Nagaland,Graduate,Unemployment_Rate,,,,,,
India,Nagaland,Higher Secondary,Unemployment_Rate,,,,,,
India,Nagaland,Literate & Upto Primary,Unemployment_Rate,,,,,,
India,Nagaland,Middle,Unemployment_Rate,,,,,,
India,Nagaland,Not Literate,Unemployment_Rate,,,,,,
India,Nagaland,Post Graduate & Above,Unemployment_Rate,,,,,,
India,Nagaland,Secondary,Unemployment_Rate,,,,,,
India,Nagaland,Secondary & Above,Unemployment_Rate,,,,,,
India,Odisha,All,Unemployment_Rate,,,,,,
India,Odisha,Diploma/ Certificate Course,Unemployment_Rate,,,,,,
India,Odisha,Graduate,Unemployment_Rate,,,,,,
India,Odisha,Higher Secondary,Unemployment_Rate,,,,,,
India,Odisha,Literate & Upto Primary,Unemployment_Rate,,,,,,
India,Odisha,Middle,Unemployment_Rate,,,,,,
India,Odisha,Not Literate,Unemployment_Rate,,,,,,
India,Odisha,Post Graduate & Above,Unemployment_Rate,,,,,,
India,Odisha,Secondary,Unemployment_Rate,,,,,,
India,Odisha,Secondary & Above,Unemployment_Rate,,,,,,
India,Puducherry,All,Unemployment_Rate,,,,,,
India,Puducherry,Diploma/ Certificate Course,Unemployment_Rate,,,,,,
India,Puducherry,Graduate,Unemployment_Rate,,,,,,
India,Puducherry,Higher Secondary,Unemployment_Rate,,,,,,
India,Puducherry,Literate & Upto Primary,Unemployment_Rate,,,,,,
India,Puducherry,Middle,Unemployment_Rate,,,,,,
India,Puducherry,Not Literate,Unemployment_Rate,,,,,,
India,Puducherry,Post Graduate & Above,Unemployment_Rate,,,,,,
India,Puducherry,Secondary,Unemployment_Rate,,,,,,
India,Puducherry,Secondary & Above,Unemployment_Rate,,,,,,
India,Punjab,All,Unemployment_Rate,,,,,,
India,Punjab,Diploma/ Certificate Course,Unemployment_Rate,,,,,,
India,Punjab,Graduate,Unemployment_Rate,,,,,,
India,Punjab,Higher Secondary,Unemployment_Rate,,,,,,
India,Punjab,Literate & Upto Primary,Unemployment_Rate,,,,,,
India,Punjab,Middle,Unemployment_Rate,,,,,,
India,Punjab,Not Literate,Unemployment_Rate,,,,,,
India,Punjab,Post Graduate & Above,Unemployment_Rate,,,,,,
India,Punjab,Secondary,Unemployment_Rate,,,,,,
India,Punjab,Secondary & Above,Unemployment_Rate,,,,,,
India,Rajasthan,All,Unemployment_Rate,,,,,,
India,Rajasthan,Diploma/ Certificate Course,Unemployment_Rate,,,,,,
India,Rajasthan,Graduate,Unemployment_Rate,,,,,,
India,Rajasthan,Higher Secondary,Unemployment_Rate,,,,,,
India,Rajasthan,Literate & Upto Primary,Unemployment_Rate,,,,,,
India,Rajasthan,Middle,Unemployment_Rate,,,,,,
India,Rajasthan,Not Literate,Unemployment_Rate,,,,,,
India,Rajasthan,Post Graduate & Above,Unemployment_Rate,,,,,,
India,Rajasthan,Secondary,Unemployment_Rate,,,,,,
India,Rajasthan,Secondary & Above,Unemployment_Rate,,,,,,
India,Sikkim,All,Unemployment_Rate,,,,,,
India,Sikkim,Diploma/ Certificate Course,Unemployment_Rate,,,,,,
India,Sikkim,Graduate,Unemployment_Rate,,,,,,
India,Sikkim,Higher Secondary,Unemployment_Rate,,,,,,
India,Sikkim,Literate & Upto Primary,Unemployment_Rate,,,,,,
India,Sikkim,Middle,Unemployment_Rate,,,,,,
India,Sikkim,Not Literate,Unemployment_Rate,,,,,,
India,Sikkim,Post Graduate & Above,Unemployment_Rate,,,,,,
India,Sikkim,Secondary,Unemployment_Rate,,,,,,
India,Sikkim,Secondary & Above,Unemployment_Rate,,,,,,
India,Tamil Nadu,All,Unemployment_Rate,,,,,,
India,Tamil Nadu,Diploma/ Certificate Course,Unemployment_Rate,,,,,,
India,Tamil Nadu,Graduate,Unemployment_Rate,,,,,,
India,Tamil Nadu,Higher Secondary,Unemployment_Rate,,,,,,
India,Tamil Nadu,Literate & Upto Primary,Unemployment_Rate,,,,,,
India,Tamil Nadu,Middle,Unemployment_Rate,,,,,,
India,Tamil Nadu,Not Literate,Unemployment_Rate,,,,,,
India,Tamil Nadu,Post Graduate & Above,Unemployment_Rate,,,,,,
India,Tamil Nadu,Secondary,Unemployment_Rate,,,,,,
India,Tamil Nadu,Secondary & Above,Unemployment_Rate,,,,,,
India,Telangana,All,Unemployment_Rate,,,,,,
India,Telangana,Diploma/ Certificate Course,Unemployment_Rate,,,,,,
India,Telangana,Graduate,Unemployment_Rate,,,,,,
India,Telangana,Higher Secondary,Unemployment_Rate,,,,,,
India,Telangana,Literate & Upto Primary,Unemployment_Rate,,,,,,
India,Telangana,Middle,Unemployment_Rate,,,,,,
India,Telangana,Not Literate,Unemployment_Rate,,,,,,
India,Telangana,Post Graduate & Above,Unemployment_Rate,,,,,,
India,Telangana,Secondary,Unemployment_Rate,,,,,,
India,Telangana,Secondary & Above,Unemployment_Rate,,,,,,
India,The Dadra and Nagar Haveli and Daman and Diu,All,Unemployment_Rate,,,,,,
India,The Dadra and Nagar Haveli and Daman and Diu,Diploma/ Certificate Course,Unemployment_Rate,,,,,,
India,The Dadra and Nagar Haveli and Daman and Diu,Graduate,Unemployment_Rate,,,,,,
India,The Dadra and Nagar Haveli and Daman and Diu,Higher Secondary,Unemployment_Rate,,,,,,
India,The Dadra and Nagar Haveli and Daman and Diu,Literate & Upto Primary,Unemployment_Rate,,,,,,
India,The Dadra and Nagar Haveli and Daman and Diu,Middle,Unemployment_Rate,,,,,,
India,The Dadra and Nagar Haveli and Daman and Diu,Not Literate,Unemployment_Rate,,,,,,
India,The Dadra and Nagar Haveli and Daman and Diu,Post Graduate & Above,Unemployment_Rate,,,,,,
India,The Dadra and Nagar Haveli and Daman and Diu,Secondary,Unemployment_Rate,,,,,,
India,The Dadra and Nagar Haveli and Daman and Diu,Secondary & Above,Unemployment_Rate,,,,,,
India,Tripura,All,Unemployment_Rate,,,,,,
India,Tripura,Diploma/ Certificate Course,Unemployment_Rate,,,,,,
India,Tripura,Graduate,Unemployment_Rate,,,,,,
India,Tripura,Higher Secondary,Unemployment_Rate,,,,,,
India,Tripura,Literate & Upto Primary,Unemployment_Rate,,,,,,
India,Tripura,Middle,Unemployment_Rate,,,,,,
India,Tripura,Not Literate,Unemployment_Rate,,,,,,
India,Tripura,Post Graduate & Above,Unemployment_Rate,,,,,,
India,Tripura,Secondary,Unemployment_Rate,,,,,,
India,Tripura,Secondary & Above,Unemployment_Rate,,,,,,
India,Uttar Pradesh,All,Unemployment_Rate,,,,,,
India,Uttar Pradesh,Diploma/ Certificate Course,Unemployment_Rate,,,,,,
India,Uttar Pradesh,Graduate,Unemployment_Rate,,,,,,
India,Uttar Pradesh,Higher Secondary,Unemployment_Rate,,,,,,
India,Uttar Pradesh,Literate & Upto Primary,Unemployment_Rate,,,,,,
India,Uttar Pradesh,Middle,Unemployment_Rate,,,,,,
India,Uttar Pradesh,Not Literate,Unemployment_Rate,,,,,,
India,Uttar Pradesh,Post Graduate & Above,Unemployment_Rate,,,,,,
India,Uttar Pradesh,Secondary,Unemployment_Rate,,,,,,
India,Uttar Pradesh,Secondary & Above,Unemployment_Rate,,,,,,
India,Uttarakhand,All,Unemployment_Rate,,,,,,
India,Uttarakhand,Diploma/ Certificate Course,Unemployment_Rate,,,,,,
India,Uttarakhand,Graduate,Unemployment_Rate,,,,,,
India,Uttarakhand,Higher Secondary,Unemployment_Rate,,,,,,
India,Uttarakhand,Literate & Upto Primary,Unemployment_Rate,,,,,,
India,Uttarakhand,Middle,Unemployment_Rate,,,,,,
India,Uttarakhand,Not Literate,Unemployment_Rate,,,,,,
India,Uttarakhand,Post Graduate & Above,Unemployment_Rate,,,,,,
India,Uttarakhand,Secondary,Unemployment_Rate,,,,,,
India,Uttarakhand,Secondary & Above,Unemployment_Rate,,,,,,
India,West Bengal,All,Unemployment_Rate,,,,,,
India,West Bengal,Diploma/ Certificate Course,Unemployment_Rate,,,,,,
India,West Bengal,Graduate,Unemployment_Rate,,,,,,
India,West Bengal,Higher Secondary,Unemployment_Rate,,,,,,
India,West Bengal,Literate & Upto Primary,Unemployment_Rate,,,,,,
India,West Bengal,Middle,Unemployment_Rate,,,,,,
India,West Bengal,Not Literate,Unemployment_Rate,,,,,,
India,West Bengal,Post Graduate & Above,Unemployment_Rate,,,,,,
India,West Bengal,Secondary,Unemployment_Rate,,,,,,
India,West Bengal,Secondary & Above,Unemployment_Rate,,,,,,
