Question_ID,Dataset,State,Year,Indicator,Filter,Aggregation_Level,Filtered_Row_Count,Valid_Observation_Count,Mean,Median,Minimum,Maximum,Population_Standard_Deviation,Missing_Count,Status,Value,Comparison,Notes
Q5,Dataset 1,Andaman and Nicobar Islands,2017,LFPR,Gender == Female,Year,210,30,41.597,34.85,11.4,90.6,22.447,0,OK,41.597,,
Q5,Dataset 1,Andaman and Nicobar Islands,2018,LFPR,Gender == Female,Year,210,30,38.953,31.25,7.7,100.0,24.548,0,OK,38.953,,
Q5,Dataset 1,Andaman and Nicobar Islands,2019,LFPR,Gender == Female,Year,210,30,44.05,36.3,10.8,100.0,25.25,0,OK,44.05,,
Q5,Dataset 1,Andaman and Nicobar Islands,2020,LFPR,Gender == Female,Year,210,30,48.803,45.45,1.9,100.0,22.74,0,OK,48.803,,
Q5,Dataset 1,Andaman and Nicobar Islands,2021,LFPR,Gender == Female,Year,210,30,48.627,46.85,18.7,81.4,16.786,0,OK,48.627,,
Q5,Dataset 1,Andaman and Nicobar Islands,2022,LFPR,Gender == Female,Year,210,30,55.113,51.25,23.4,100.0,20.949,0,OK,55.113,,
Q5,Dataset 1,Andaman and Nicobar Islands,2023,LFPR,Gender == Female,Year,210,30,51.993,51.0,18.4,100.0,21.989,0,OK,51.993,,
Q5,Dataset 1,Andaman and Nicobar Islands,All,LFPR,Gender == Female,All Years,210,210,47.02,45.3,1.9,100.0,22.88,0,OK,47.02,,
Q5,Dataset 1,Andhra Pradesh,2017,LFPR,Gender == Female,Year,210,30,41.137,41.8,9.6,93.4,17.715,0,OK,41.137,,
Q5,Dataset 1,Andhra Pradesh,2018,LFPR,Gender == Female,Year,210,30,39.36,36.75,11.5,81.9,17.364,0,OK,39.36,,
Q5,Dataset 1,Andhra Pradesh,2019,LFPR,Gender == Female,Year,210,30,36.987,35.8,11.1,58.7,12.954,0,OK,36.987,,
Q5,Dataset 1,Andhra Pradesh,2020,LFPR,Gender == Female,Year,210,30,41.633,40.45,16.3,82.9,15.373,0,OK,41.633,,
Q5,Dataset 1,Andhra Pradesh,2021,LFPR,Gender == Female,Year,210,30,40.513,42.1,10.6,82.7,15.619,0,OK,40.513,,
Q5,Dataset 1,Andhra Pradesh,2022,LFPR,Gender == Female,Year,210,30,41.353,41.05,17.9,70.1,13.694,0,OK,41.353,,
Q5,Dataset 1,Andhra Pradesh,2023,LFPR,Gender == Female,Year,210,30,42.293,41.0,15.6,90.0,15.782,0,OK,42.293,,
Q5,Dataset 1,Andhra Pradesh,All,LFPR,Gender == Female,All Years,210,210,40.468,39.95,9.6,93.4,15.672,0,OK,40.468,,
Q5,Dataset 1,Arunachal Pradesh,2017,LFPR,Gender == Female,Year,210,30,29.32,16.45,0.0,100.0,30.53,0,OK,29.32,,
Q5,Dataset 1,Arunachal Pradesh,2018,LFPR,Gender == Female,Year,210,30,24.873,15.6,0.0,100.0,25.55,0,OK,24.873,,
Q5,Dataset 1,Arunachal Pradesh,2019,LFPR,Gender == Female,Year,210,30,37.57,23.75,5.0,100.0,28.798,0,OK,37.57,,
Q5,Dataset 1,Arunachal Pradesh,2020,LFPR,Gender == Female,Year,210,30,35.403,27.85,0.0,87.2,22.02,0,OK,35.403,,
Q5,Dataset 1,Arunachal Pradesh,2021,LFPR,Gender == Female,Year,210,30,40.873,31.7,0.0,100.0,27.79,0,OK,40.873,,
Q5,Dataset 1,Arunachal Pradesh,2022,LFPR,Gender == Female,Year,210,30,60.76,56.2,24.4,100.0,23.197,0,OK,60.76,,
Q5,Dataset 1,Arunachal Pradesh,2023,LFPR,Gender == Female,Year,210,30,62.403,59.95,0.0,100.0,22.199,0,OK,62.403,,
Q5,Dataset 1,Arunachal Pradesh,All,LFPR,Gender == Female,All Years,210,210,41.6,31.8,0.0,100.0,29.248,0,OK,41.6,,
Q5,Dataset 1,Assam,2017,LFPR,Gender == Female,Year,210,30,25.79,15.8,7.7,100.0,22.99,0,OK,25.79,,
Q5,Dataset 1,Assam,2018,LFPR,Gender == Female,Year,210,30,23.607,12.8,6.9,88.3,20.9,0,OK,23.607,,
Q5,Dataset 1,Assam,2019,LFPR,Gender == Female,Year,210,30,26.26,19.1,0.0,89.6,20.41,0,OK,26.26,,
Q5,Dataset 1,Assam,2020,LFPR,Gender == Female,Year,210,30,31.763,25.5,11.8,80.3,18.226,0,OK,31.763,,
Q5,Dataset 1,Assam,2021,LFPR,Gender == Female,Year,210,30,39.12,29.3,12.9,100.0,25.407,0,OK,39.12,,
Q5,Dataset 1,Assam,2022,LFPR,Gender == Female,Year,210,30,32.89,29.65,0.0,77.6,16.793,0,OK,32.89,,
Q5,Dataset 1,Assam,2023,LFPR,Gender == Female,Year,210,30,52.293,47.15,19.8,100.0,21.564,0,OK,52.293,,
Q5,Dataset 1,Assam,All,LFPR,Gender == Female,All Years,210,210,33.103,26.15,0.0,100.0,23.001,0,OK,33.103,,
Q5,Dataset 1,Bihar,2017,LFPR,Gender == Female,Year,210,30,11.503,5.3,0.0,72.2,17.485,0,OK,11.503,,
Q5,Dataset 1,Bihar,2018,LFPR,Gender == Female,Year,210,30,11.157,4.15,0.0,64.2,17.385,0,OK,11.157,,
Q5,Dataset 1,Bihar,2019,LFPR,Gender == Female,Year,210,30,16.81,8.15,0.0,100.0,24.555,0,OK,16.81,,
Q5,Dataset 1,Bihar,2020,LFPR,Gender == Female,Year,210,30,14.3,7.5,0.0,100.0,19.02,0,OK,14.3,,
Q5,Dataset 1,Bihar,2021,LFPR,Gender == Female,Year,210,30,15.517,10.15,2.6,62.1,14.722,0,OK,15.517,,
Q5,Dataset 1,Bihar,2022,LFPR,Gender == Female,Year,210,30,21.977,14.25,0.0,100.0,18.191,0,OK,21.977,,
Q5,Dataset 1,Bihar,2023,LFPR,Gender == Female,Year,210,30,29.133,22.5,5.9,100.0,20.341,0,OK,29.133,,
Q5,Dataset 1,Bihar,All,LFPR,Gender == Female,All Years,210,210,17.2,10.15,0.0,100.0,19.927,0,OK,17.2,,
Q5,Dataset 1,Chandigarh,2017,LFPR,Gender == Female,Year,210,30,23.697,23.25,0.0,49.3,12.807,0,OK,23.697,,
Q5,Dataset 1,Chandigarh,2018,LFPR,Gender == Female,Year,210,30,29.313,24.75,0.0,100.0,25.269,0,OK,29.313,,
Q5,Dataset 1,Chandigarh,2019,LFPR,Gender == Female,Year,210,30,25.553,20.2,0.0,100.0,24.635,0,OK,25.553,,
Q5,Dataset 1,Chandigarh,2020,LFPR,Gender == Female,Year,210,30,23.23,19.1,0.0,60.5,16.324,0,OK,23.23,,
Q5,Dataset 1,Chandigarh,2021,LFPR,Gender == Female,Year,210,30,15.513,16.8,0.0,39.8,10.254,0,OK,15.513,,
Q5,Dataset 1,Chandigarh,2022,LFPR,Gender == Female,Year,210,30,29.38,22.25,0.0,100.0,24.549,0,OK,29.38,,
Q5,Dataset 1,Chandigarh,2023,LFPR,Gender == Female,Year,210,20,32.57,30.15,9.0,59.3,15.411,10,OK,32.57,,
Q5,Dataset 1,Chandigarh,All,LFPR,Gender == Female,All Years,210,200,25.26,20.95,0.0,100.0,20.172,10,OK,25.26,,
Q5,Dataset 1,Chhattisgarh,2017,LFPR,Gender == Female,Year,210,30,43.107,45.35,13.6,83.6,16.908,0,OK,43.107,,
Q5,Dataset 1,Chhattisgarh,2018,LFPR,Gender == Female,Year,210,30,38.147,36.85,15.2,65.4,13.309,0,OK,38.147,,
Q5,Dataset 1,Chhattisgarh,2019,LFPR,Gender == Female,Year,210,30,39.347,35.9,0.0,74.2,18.416,0,OK,39.347,,
Q5,Dataset 1,Chhattisgarh,2020,LFPR,Gender == Female,Year,210,30,42.0,35.95,0.0,100.0,21.843,0,OK,42.0,,
Q5,Dataset 1,Chhattisgarh,2021,LFPR,Gender == Female,Year,210,30,45.13,41.75,16.8,88.8,16.262,0,OK,45.13,,
Q5,Dataset 1,Chhattisgarh,2022,LFPR,Gender == Female,Year,210,30,52.163,52.25,19.8,87.0,17.014,0,OK,52.163,,
Q5,Dataset 1,Chhattisgarh,2023,LFPR,Gender == Female,Year,210,30,52.103,51.5,17.1,86.3,17.597,0,OK,52.103,,
Q5,Dataset 1,Chhattisgarh,All,LFPR,Gender == Female,All Years,210,210,44.571,42.65,0.0,100.0,18.263,0,OK,44.571,,
Q5,Dataset 1,Delhi,2017,LFPR,Gender == Female,Year,210,30,17.007,12.15,0.0,100.0,24.307,0,OK,17.007,,
Q5,Dataset 1,Delhi,2018,LFPR,Gender == Female,Year,210,30,18.843,16.1,0.0,71.6,15.796,0,OK,18.843,,
Q5,Dataset 1,Delhi,2019,LFPR,Gender == Female,Year,210,30,16.85,16.05,0.0,78.4,15.74,0,OK,16.85,,
Q5,Dataset 1,Delhi,2020,LFPR,Gender == Female,Year,210,30,17.743,8.6,0.0,79.2,20.067,0,OK,17.743,,
Q5,Dataset 1,Delhi,2021,LFPR,Gender == Female,Year,210,30,13.003,8.65,0.0,45.6,13.184,0,OK,13.003,,
Q5,Dataset 1,Delhi,2022,LFPR,Gender == Female,Year,210,30,17.377,11.9,0.0,100.0,24.448,0,OK,17.377,,
Q5,Dataset 1,Delhi,2023,LFPR,Gender == Female,Year,210,30,18.207,16.0,0.0,54.2,13.761,0,OK,18.207,,
Q5,Dataset 1,Delhi,All,LFPR,Gender == Female,All Years,210,210,17.004,12.35,0.0,100.0,18.797,0,OK,17.004,,
Q5,Dataset 1,Goa,2017,LFPR,Gender == Female,Year,210,30,36.927,31.65,9.5,100.0,21.9,0,OK,36.927,,
Q5,Dataset 1,Goa,2018,LFPR,Gender == Female,Year,210,30,39.187,31.05,11.9,100.0,22.216,0,OK,39.187,,
Q5,Dataset 1,Goa,2019,LFPR,Gender == Female,Year,210,30,35.45,26.65,0.0,100.0,23.088,0,OK,35.45,,
Q5,Dataset 1,Goa,2020,LFPR,Gender == Female,Year,210,30,38.523,27.15,9.4,93.3,26.641,0,OK,38.523,,
Q5,Dataset 1,Goa,2021,LFPR,Gender == Female,Year,210,30,30.853,20.15,3.4,100.0,24.76,0,OK,30.853,,
Q5,Dataset 1,Goa,2022,LFPR,Gender == Female,Year,210,30,35.447,28.3,14.0,100.0,20.444,0,OK,35.447,,
Q5,Dataset 1,Goa,2023,LFPR,Gender == Female,Year,210,30,35.243,29.2,14.0,100.0,19.464,0,OK,35.243,,
Q5,Dataset 1,Goa,All,LFPR,Gender == Female,All Years,210,210,35.947,28.1,0.0,100.0,22.9,0,OK,35.947,,
Q5,Dataset 1,Gujarat,2017,LFPR,Gender == Female,Year,210,30,21.893,18.8,9.4,65.4,11.509,0,OK,21.893,,
Q5,Dataset 1,Gujarat,2018,LFPR,Gender == Female,Year,210,30,20.957,18.7,2.0,58.7,10.197,0,OK,20.957,,
Q5,Dataset 1,Gujarat,2019,LFPR,Gender == Female,Year,210,30,29.767,28.9,10.8,48.7,10.122,0,OK,29.767,,
Q5,Dataset 1,Gujarat,2020,LFPR,Gender == Female,Year,210,30,34.21,29.55,10.7,96.9,17.663,0,OK,34.21,,
Q5,Dataset 1,Gujarat,2021,LFPR,Gender == Female,Year,210,30,35.34,33.05,14.8,80.8,14.873,0,OK,35.34,,
Q5,Dataset 1,Gujarat,2022,LFPR,Gender == Female,Year,210,30,41.773,40.25,16.3,95.5,17.432,0,OK,41.773,,
Q5,Dataset 1,Gujarat,2023,LFPR,Gender == Female,Year,210,30,43.273,44.1,18.7,75.2,13.448,0,OK,43.273,,
Q5,Dataset 1,Gujarat,All,LFPR,Gender == Female,All Years,210,210,32.459,29.05,2.0,96.9,16.138,0,OK,32.459,,
Q5,Dataset 1,Haryana,2017,LFPR,Gender == Female,Year,210,30,17.203,14.0,1.3,51.3,10.591,0,OK,17.203,,
Q5,Dataset 1,Haryana,2018,LFPR,Gender == Female,Year,210,30,20.607,16.0,5.1,51.0,13.63,0,OK,20.607,,
Q5,Dataset 1,Haryana,2019,LFPR,Gender == Female,Year,210,30,19.413,16.0,7.6,41.1,9.196,0,OK,19.413,,
Q5,Dataset 1,Haryana,2020,LFPR,Gender == Female,Year,210,30,21.16,19.25,9.5,43.7,9.551,0,OK,21.16,,
Q5,Dataset 1,Haryana,2021,LFPR,Gender == Female,Year,210,30,23.567,20.05,8.7,52.4,12.557,0,OK,23.567,,
Q5,Dataset 1,Haryana,2022,LFPR,Gender == Female,Year,210,30,22.07,20.9,5.7,40.8,9.265,0,OK,22.07,,
Q5,Dataset 1,Haryana,2023,LFPR,Gender == Female,Year,210,30,24.323,23.65,11.4,41.0,6.274,0,OK,24.323,,
Q5,Dataset 1,Haryana,All,LFPR,Gender == Female,All Years,210,210,21.192,18.85,1.3,52.4,10.639,0,OK,21.192,,
Q5,Dataset 1,Himachal Pradesh,2017,LFPR,Gender == Female,Year,210,30,44.403,46.8,13.9,67.1,14.959,0,OK,44.403,,
Q5,Dataset 1,Himachal Pradesh,2018,LFPR,Gender == Female,Year,210,30,53.533,55.4,18.2,92.0,19.342,0,OK,53.533,,
Q5,Dataset 1,Himachal Pradesh,2019,LFPR,Gender == Female,Year,210,30,59.423,62.45,20.2,90.0,16.859,0,OK,59.423,,
Q5,Dataset 1,Himachal Pradesh,2020,LFPR,Gender == Female,Year,210,30,56.6,60.7,20.9,86.6,17.934,0,OK,56.6,,
Q5,Dataset 1,Himachal Pradesh,2021,LFPR,Gender == Female,Year,210,30,59.92,63.1,15.5,86.9,18.915,0,OK,59.92,,
Q5,Dataset 1,Himachal Pradesh,2022,LFPR,Gender == Female,Year,210,30,63.267,67.3,23.9,93.4,19.372,0,OK,63.267,,
Q5,Dataset 1,Himachal Pradesh,2023,LFPR,Gender == Female,Year,210,30,63.503,67.9,26.2,94.3,17.736,0,OK,63.503,,
Q5,Dataset 1,Himachal Pradesh,All,LFPR,Gender == Female,All Years,210,210,57.236,59.3,13.9,94.3,18.965,0,OK,57.236,,
Q5,Dataset 1,Jammu and Kashmir,2017,LFPR,Gender == Female,Year,210,30,36.307,30.65,13.3,75.9,19.928,0,OK,36.307,,
Q5,Dataset 1,Jammu and Kashmir,2018,LFPR,Gender == Female,Year,210,30,36.163,33.25,8.9,84.5,20.649,0,OK,36.163,,
Q5,Dataset 1,Jammu and Kashmir,2019,LFPR,Gender == Female,Year,210,30,38.333,37.9,15.5,67.2,13.197,0,OK,38.333,,
Q5,Dataset 1,Jammu and Kashmir,2020,LFPR,Gender == Female,Year,210,30,42.273,42.25,15.7,80.3,17.151,0,OK,42.273,,
Q5,Dataset 1,Jammu and Kashmir,2021,LFPR,Gender == Female,Year,210,30,46.623,40.85,20.2,87.8,18.628,0,OK,46.623,,
Q5,Dataset 1,Jammu and Kashmir,2022,LFPR,Gender == Female,Year,210,30,43.137,46.3,4.7,88.6,19.591,0,OK,43.137,,
Q5,Dataset 1,Jammu and Kashmir,2023,LFPR,Gender == Female,Year,210,30,53.2,49.4,20.6,100.0,19.894,0,OK,53.2,,
Q5,Dataset 1,Jammu and Kashmir,All,LFPR,Gender == Female,All Years,210,210,42.291,39.85,4.7,100.0,19.442,0,OK,42.291,,
Q5,Dataset 1,Jharkhand,2017,LFPR,Gender == Female,Year,210,30,18.653,14.1,0.0,65.0,15.335,0,OK,18.653,,
Q5,Dataset 1,Jharkhand,2018,LFPR,Gender == Female,Year,210,30,24.28,19.5,0.0,100.0,21.628,0,OK,24.28,,
Q5,Dataset 1,Jharkhand,2019,LFPR,Gender == Female,Year,210,30,27.19,25.55,0.0,62.8,12.951,0,OK,27.19,,
Q5,Dataset 1,Jharkhand,2020,LFPR,Gender == Female,Year,210,30,32.353,32.6,0.0,59.6,15.343,0,OK,32.353,,
Q5,Dataset 1,Jharkhand,2021,LFPR,Gender == Female,Year,210,30,39.107,37.55,12.3,100.0,18.453,0,OK,39.107,,
Q5,Dataset 1,Jharkhand,2022,LFPR,Gender == Female,Year,210,30,30.693,30.7,0.0,68.4,18.097,0,OK,30.693,,
Q5,Dataset 1,Jharkhand,2023,LFPR,Gender == Female,Year,210,30,34.763,34.75,0.0,74.8,19.593,0,OK,34.763,,
Q5,Dataset 1,Jharkhand,All,LFPR,Gender == Female,All Years,210,210,29.577,26.7,0.0,100.0,18.661,0,OK,29.577,,
Q5,Dataset 1,Karnataka,2017,LFPR,Gender == Female,Year,210,30,29.867,26.25,7.3,82.5,15.733,0,OK,29.867,,
Q5,Dataset 1,Karnataka,2018,LFPR,Gender == Female,Year,210,30,25.893,24.3,7.6,63.4,13.007,0,OK,25.893,,
Q5,Dataset 1,Karnataka,2019,LFPR,Gender == Female,Year,210,30,35.44,33.65,12.7,69.0,13.853,0,OK,35.44,,
Q5,Dataset 1,Karnataka,2020,LFPR,Gender == Female,Year,210,30,36.777,31.55,15.8,77.3,15.292,0,OK,36.777,,
Q5,Dataset 1,Karnataka,2021,LFPR,Gender == Female,Year,210,30,30.363,26.9,12.7,55.3,12.024,0,OK,30.363,,
Q5,Dataset 1,Karnataka,2022,LFPR,Gender == Female,Year,210,30,36.78,35.25,16.9,58.8,11.428,0,OK,36.78,,
Q5,Dataset 1,Karnataka,2023,LFPR,Gender == Female,Year,210,30,39.22,37.1,14.1,64.6,13.336,0,OK,39.22,,
Q5,Dataset 1,Karnataka,All,LFPR,Gender == Female,All Years,210,210,33.477,31.05,7.3,82.5,14.315,0,OK,33.477,,
Q5,Dataset 1,Kerala,2017,LFPR,Gender == Female,Year,210,30,33.05,24.4,10.3,75.1,18.366,0,OK,33.05,,
Q5,Dataset 1,Kerala,2018,LFPR,Gender == Female,Year,210,30,36.15,29.15,18.2,79.8,17.249,0,OK,36.15,,
Q5,Dataset 1,Kerala,2019,LFPR,Gender == Female,Year,210,30,36.89,31.35,18.7,78.9,15.963,0,OK,36.89,,
Q5,Dataset 1,Kerala,2020,LFPR,Gender == Female,Year,210,30,36.73,33.15,20.5,65.9,13.578,0,OK,36.73,,
Q5,Dataset 1,Kerala,2021,LFPR,Gender == Female,Year,210,30,40.57,37.05,18.9,70.7,14.351,0,OK,40.57,,
Q5,Dataset 1,Kerala,2022,LFPR,Gender == Female,Year,210,30,40.723,37.95,20.7,84.5,15.433,0,OK,40.723,,
Q5,Dataset 1,Kerala,2023,LFPR,Gender == Female,Year,210,30,43.553,40.6,21.0,70.9,14.001,0,OK,43.553,,
Q5,Dataset 1,Kerala,All,LFPR,Gender == Female,All Years,210,210,38.238,34.4,10.3,84.5,15.988,0,OK,38.238,,
Q5,Dataset 1,Ladakh,2017,LFPR,Gender == Female,Year,210,30,36.307,30.65,13.3,75.9,19.928,0,OK,36.307,,
Q5,Dataset 1,Ladakh,2018,LFPR,Gender == Female,Year,210,30,36.163,33.25,8.9,84.5,20.649,0,OK,36.163,,
Q5,Dataset 1,Ladakh,2019,LFPR,Gender == Female,Year,210,30,51.14,49.0,0.0,100.0,25.765,0,OK,51.14,,
Q5,Dataset 1,Ladakh,2020,LFPR,Gender == Female,Year,210,30,57.51,67.55,0.0,100.0,33.172,0,OK,57.51,,
Q5,Dataset 1,Ladakh,2021,LFPR,Gender == Female,Year,210,30,52.093,50.6,0.0,100.0,25.377,0,OK,52.093,,
Q5,Dataset 1,Ladakh,2022,LFPR,Gender == Female,Year,210,30,56.867,54.2,0.0,100.0,26.459,0,OK,56.867,,
Q5,Dataset 1,Ladakh,2023,LFPR,Gender == Female,Year,210,30,47.89,46.85,0.0,100.0,30.351,0,OK,47.89,,
Q5,Dataset 1,Ladakh,All,LFPR,Gender == Female,All Years,210,210,48.281,46.55,0.0,100.0,27.581,0,OK,48.281,,
Q5,Dataset 1,Lakshadweep,2017,LFPR,Gender == Female,Year,210,30,34.433,21.8,0.0,100.0,34.567,0,OK,34.433,,
Q5,Dataset 1,Lakshadweep,2018,LFPR,Gender == Female,Year,210,30,28.543,18.7,0.0,100.0,30.185,0,OK,28.543,,
Q5,Dataset 1,Lakshadweep,2019,LFPR,Gender == Female,Year,210,30,35.967,31.35,0.0,100.0,29.147,0,OK,35.967,,
Q5,Dataset 1,Lakshadweep,2020,LFPR,Gender == Female,Year,210,30,30.597,16.15,0.0,100.0,33.336,0,OK,30.597,,
Q5,Dataset 1,Lakshadweep,2021,LFPR,Gender == Female,Year,210,30,24.657,17.7,0.0,100.0,23.919,0,OK,24.657,,
Q5,Dataset 1,Lakshadweep,2022,LFPR,Gender == Female,Year,210,30,19.77,12.65,0.0,79.2,20.713,0,OK,19.77,,
Q5,Dataset 1,Lakshadweep,2023,LFPR,Gender == Female,Year,210,30,28.503,16.5,0.0,100.0,31.47,0,OK,28.503,,
Q5,Dataset 1,Lakshadweep,All,LFPR,Gender == Female,All Years,210,210,28.924,18.3,0.0,100.0,29.865,0,OK,28.924,,
Q5,Dataset 1,Madhya Pradesh,2017,LFPR,Gender == Female,Year,210,30,28.773,22.65,11.2,71.8,16.781,0,OK,28.773,,
Q5,Dataset 1,Madhya Pradesh,2018,LFPR,Gender == Female,Year,210,30,25.363,21.2,8.0,77.6,14.852,0,OK,25.363,,
Q5,Dataset 1,Madhya Pradesh,2019,LFPR,Gender == Female,Year,210,30,33.167,28.5,9.9,74.2,16.085,0,OK,33.167,,
Q5,Dataset 1,Madhya Pradesh,2020,LFPR,Gender == Female,Year,210,30,31.057,27.25,12.7,57.1,12.026,0,OK,31.057,,
Q5,Dataset 1,Madhya Pradesh,2021,LFPR,Gender == Female,Year,210,30,33.577,27.75,11.2,78.0,16.35,0,OK,33.577,,
Q5,Dataset 1,Madhya Pradesh,2022,LFPR,Gender == Female,Year,210,30,35.317,31.95,10.6,76.7,15.946,0,OK,35.317,,
Q5,Dataset 1,Madhya Pradesh,2023,LFPR,Gender == Female,Year,210,30,43.337,36.8,16.5,91.4,18.342,0,OK,43.337,,
Q5,Dataset 1,Madhya Pradesh,All,LFPR,Gender == Female,All Years,210,210,32.941,29.05,8.0,91.4,16.716,0,OK,32.941,,
Q5,Dataset 1,Maharashtra,2017,LFPR,Gender == Female,Year,210,30,30.037,30.8,11.5,47.8,9.275,0,OK,30.037,,
Q5,Dataset 1,Maharashtra,2018,LFPR,Gender == Female,Year,210,30,32.557,32.85,12.1,59.0,11.497,0,OK,32.557,,
Q5,Dataset 1,Maharashtra,2019,LFPR,Gender == Female,Year,210,30,37.033,37.85,13.4,59.3,12.746,0,OK,37.033,,
Q5,Dataset 1,Maharashtra,2020,LFPR,Gender == Female,Year,210,30,34.693,34.5,12.8,56.3,11.117,0,OK,34.693,,
Q5,Dataset 1,Maharashtra,2021,LFPR,Gender == Female,Year,210,30,38.74,38.5,13.8,60.7,11.933,0,OK,38.74,,
Q5,Dataset 1,Maharashtra,2022,LFPR,Gender == Female,Year,210,30,39.43,40.85,16.5,63.9,11.854,0,OK,39.43,,
Q5,Dataset 1,Maharashtra,2023,LFPR,Gender == Female,Year,210,30,39.027,40.4,17.0,59.4,10.211,0,OK,39.027,,
Q5,Dataset 1,Maharashtra,All,LFPR,Gender == Female,All Years,210,210,35.931,35.95,11.5,63.9,11.772,0,OK,35.931,,
Q5,Dataset 1,Manipur,2017,LFPR,Gender == Female,Year,210,30,33.95,24.15,0.0,96.8,23.04,0,OK,33.95,,
Q5,Dataset 1,Manipur,2018,LFPR,Gender == Female,Year,210,30,36.807,26.55,14.8,96.4,20.993,0,OK,36.807,,
Q5,Dataset 1,Manipur,2019,LFPR,Gender == Female,Year,210,30,39.62,32.8,18.9,98.5,20.258,0,OK,39.62,,
Q5,Dataset 1,Manipur,2020,LFPR,Gender == Female,Year,210,30,30.967,22.7,7.9,84.1,19.451,0,OK,30.967,,
Q5,Dataset 1,Manipur,2021,LFPR,Gender == Female,Year,210,30,27.193,23.5,0.0,74.0,13.979,0,OK,27.193,,
Q5,Dataset 1,Manipur,2022,LFPR,Gender == Female,Year,210,30,32.243,31.55,0.0,79.2,18.138,0,OK,32.243,,
Q5,Dataset 1,Manipur,2023,LFPR,Gender == Female,Year,210,30,56.417,49.4,29.8,100.0,20.037,0,OK,56.417,,
Q5,Dataset 1,Manipur,All,LFPR,Gender == Female,All Years,210,210,36.742,29.95,0.0,100.0,21.495,0,OK,36.742,,
Q5,Dataset 1,Meghalaya,2017,LFPR,Gender == Female,Year,210,30,53.553,49.05,10.2,100.0,24.719,0,OK,53.553,,
Q5,Dataset 1,Meghalaya,2018,LFPR,Gender == Female,Year,210,30,51.677,48.6,11.5,100.0,22.308,0,OK,51.677,,
Q5,Dataset 1,Meghalaya,2019,LFPR,Gender == Female,Year,210,30,49.023,44.15,12.9,100.0,23.894,0,OK,49.023,,
Q5,Dataset 1,Meghalaya,2020,LFPR,Gender == Female,Year,210,30,54.917,50.55,15.9,100.0,22.46,0,OK,54.917,,
Q5,Dataset 1,Meghalaya,2021,LFPR,Gender == Female,Year,210,30,52.517,47.9,0.0,100.0,24.059,0,OK,52.517,,
Q5,Dataset 1,Meghalaya,2022,LFPR,Gender == Female,Year,210,30,52.653,60.9,0.0,100.0,24.837,0,OK,52.653,,
Q5,Dataset 1,Meghalaya,2023,LFPR,Gender == Female,Year,210,30,68.783,68.65,27.1,100.0,21.218,0,OK,68.783,,
Q5,Dataset 1,Meghalaya,All,LFPR,Gender == Female,All Years,210,210,54.732,51.75,0.0,100.0,24.142,0,OK,54.732,,
Q5,Dataset 1,Mizoram,2017,LFPR,Gender == Female,Year,210,30,42.357,28.75,0.0,100.0,28.972,0,OK,42.357,,
Q5,Dataset 1,Mizoram,2018,LFPR,Gender == Female,Year,210,30,29.38,27.4,0.0,90.4,21.397,0,OK,29.38,,
Q5,Dataset 1,Mizoram,2019,LFPR,Gender == Female,Year,210,30,38.827,35.55,0.0,100.0,23.207,0,OK,38.827,,
Q5,Dataset 1,Mizoram,2020,LFPR,Gender == Female,Year,210,30,43.553,40.2,0.0,100.0,24.068,0,OK,43.553,,
Q5,Dataset 1,Mizoram,2021,LFPR,Gender == Female,Year,210,30,31.25,34.3,0.0,86.4,21.353,0,OK,31.25,,
Q5,Dataset 1,Mizoram,2022,LFPR,Gender == Female,Year,210,30,36.697,40.9,0.0,91.6,25.527,0,OK,36.697,,
Q5,Dataset 1,Mizoram,2023,LFPR,Gender == Female,Year,210,30,42.113,39.65,0.0,100.0,24.302,0,OK,42.113,,
Q5,Dataset 1,Mizoram,All,LFPR,Gender == Female,All Years,210,210,37.74,34.85,0.0,100.0,24.79,0,OK,37.74,,
Q5,Dataset 1,Nagaland,2017,LFPR,Gender == Female,Year,210,30,25.367,15.7,0.0,77.0,23.049,0,OK,25.367,,
Q5,Dataset 1,Nagaland,2018,LFPR,Gender == Female,Year,210,30,35.077,25.25,5.9,100.0,25.549,0,OK,35.077,,
Q5,Dataset 1,Nagaland,2019,LFPR,Gender == Female,Year,210,30,49.953,42.4,0.0,100.0,24.389,0,OK,49.953,,
Q5,Dataset 1,Nagaland,2020,LFPR,Gender == Female,Year,210,30,42.777,44.2,0.0,82.7,22.808,0,OK,42.777,,
Q5,Dataset 1,Nagaland,2021,LFPR,Gender == Female,Year,210,30,56.32,52.45,0.0,100.0,24.662,0,OK,56.32,,
Q5,Dataset 1,Nagaland,2022,LFPR,Gender == Female,Year,210,30,63.897,63.65,0.0,100.0,22.441,0,OK,63.897,,
Q5,Dataset 1,Nagaland,2023,LFPR,Gender == Female,Year,210,30,65.8,63.85,23.0,100.0,17.899,0,OK,65.8,,
Q5,Dataset 1,Nagaland,All,LFPR,Gender == Female,All Years,210,210,48.456,48.3,0.0,100.0,26.936,0,OK,48.456,,
Q5,Dataset 1,Odisha,2017,LFPR,Gender == Female,Year,210,30,25.56,19.8,8.0,71.9,17.76,0,OK,25.56,,
Q5,Dataset 1,Odisha,2018,LFPR,Gender == Female,Year,210,30,30.643,24.7,11.5,95.4,21.124,0,OK,30.643,,
Q5,Dataset 1,Odisha,2019,LFPR,Gender == Female,Year,210,30,33.553,31.85,9.6,73.1,16.486,0,OK,33.553,,
Q5,Dataset 1,Odisha,2020,LFPR,Gender == Female,Year,210,30,32.73,28.1,10.5,64.8,15.178,0,OK,32.73,,
Q5,Dataset 1,Odisha,2021,LFPR,Gender == Female,Year,210,30,33.127,31.9,10.3,80.9,17.292,0,OK,33.127,,
Q5,Dataset 1,Odisha,2022,LFPR,Gender == Female,Year,210,30,42.997,39.8,15.7,76.5,16.442,0,OK,42.997,,
Q5,Dataset 1,Odisha,2023,LFPR,Gender == Female,Year,210,30,45.793,44.95,13.0,83.4,17.561,0,OK,45.793,,
Q5,Dataset 1,Odisha,All,LFPR,Gender == Female,All Years,210,210,34.915,31.05,8.0,95.4,18.673,0,OK,34.915,,
Q5,Dataset 1,Puducherry,2017,LFPR,Gender == Female,Year,200,30,19.917,13.95,0.9,64.8,17.5,0,OK,19.917,,
Q5,Dataset 1,Puducherry,2018,LFPR,Gender == Female,Year,200,30,34.9,31.4,9.1,86.3,16.107,0,OK,34.9,,
Q5,Dataset 1,Puducherry,2019,LFPR,Gender == Female,Year,200,30,36.25,33.8,3.5,86.6,17.251,0,OK,36.25,,
Q5,Dataset 1,Puducherry,2020,LFPR,Gender == Female,Year,200,30,29.967,28.0,2.1,88.1,17.853,0,OK,29.967,,
Q5,Dataset 1,Puducherry,2021,LFPR,Gender == Female,Year,200,30,39.853,39.15,11.2,100.0,19.034,0,OK,39.853,,
Q5,Dataset 1,Puducherry,2022,LFPR,Gender == Female,Year,200,20,39.285,30.0,4.6,100.0,22.948,0,OK,39.285,,
Q5,Dataset 1,Puducherry,2023,LFPR,Gender == Female,Year,200,30,38.07,34.65,13.1,100.0,19.624,0,OK,38.07,,
Q5,Dataset 1,Puducherry,All,LFPR,Gender == Female,All Years,200,200,33.772,30.15,0.9,100.0,19.634,0,OK,33.772,,
Q5,Dataset 1,Punjab,2017,LFPR,Gender == Female,Year,210,30,21.097,16.25,6.6,53.9,13.998,0,OK,21.097,,
Q5,Dataset 1,Punjab,2018,LFPR,Gender == Female,Year,210,30,24.157,19.25,8.0,55.7,12.622,0,OK,24.157,,
Q5,Dataset 1,Punjab,2019,LFPR,Gender == Female,Year,210,30,25.663,23.85,9.6,82.1,16.13,0,OK,25.663,,
Q5,Dataset 1,Punjab,2020,LFPR,Gender == Female,Year,210,30,25.69,22.7,8.4,61.4,12.602,0,OK,25.69,,
Q5,Dataset 1,Punjab,2021,LFPR,Gender == Female,Year,210,30,28.33,24.65,13.2,57.4,12.453,0,OK,28.33,,
Q5,Dataset 1,Punjab,2022,LFPR,Gender == Female,Year,210,30,30.53,28.15,14.9,62.1,11.247,0,OK,30.53,,
Q5,Dataset 1,Punjab,2023,LFPR,Gender == Female,Year,210,30,34.353,32.95,15.6,56.8,11.287,0,OK,34.353,,
Q5,Dataset 1,Punjab,All,LFPR,Gender == Female,All Years,210,210,27.117,24.6,6.6,82.1,13.616,0,OK,27.117,,
Q5,Dataset 1,Rajasthan,2017,LFPR,Gender == Female,Year,210,30,23.673,17.0,6.9,100.0,18.446,0,OK,23.673,,
Q5,Dataset 1,Rajasthan,2018,LFPR,Gender == Female,Year,210,30,30.067,24.75,4.9,100.0,20.509,0,OK,30.067,,
Q5,Dataset 1,Rajasthan,2019,LFPR,Gender == Female,Year,210,30,29.417,25.25,9.3,57.7,13.808,0,OK,29.417,,
Q5,Dataset 1,Rajasthan,2020,LFPR,Gender == Female,Year,210,30,30.003,25.15,6.7,60.6,15.295,0,OK,30.003,,
Q5,Dataset 1,Rajasthan,2021,LFPR,Gender == Female,Year,210,30,33.283,31.05,8.1,100.0,18.909,0,OK,33.283,,
Q5,Dataset 1,Rajasthan,2022,LFPR,Gender == Female,Year,210,30,37.317,36.35,13.3,67.1,15.134,0,OK,37.317,,
Q5,Dataset 1,Rajasthan,2023,LFPR,Gender == Female,Year,210,30,43.557,41.95,11.3,73.8,17.142,0,OK,43.557,,
Q5,Dataset 1,Rajasthan,All,LFPR,Gender == Female,All Years,210,210,32.474,29.5,4.9,100.0,18.172,0,OK,32.474,,
Q5,Dataset 1,Sikkim,2017,LFPR,Gender == Female,Year,210,30,46.253,44.2,0.0,100.0,22.41,0,OK,46.253,,
Q5,Dataset 1,Sikkim,2018,LFPR,Gender == Female,Year,210,30,55.673,48.1,21.3,100.0,23.695,0,OK,55.673,,
Q5,Dataset 1,Sikkim,2019,LFPR,Gender == Female,Year,210,30,57.63,60.75,23.3,85.5,14.984,0,OK,57.63,,
Q5,Dataset 1,Sikkim,2020,LFPR,Gender == Female,Year,210,30,57.767,58.9,23.1,100.0,19.951,0,OK,57.767,,
Q5,Dataset 1,Sikkim,2021,LFPR,Gender == Female,Year,210,30,48.537,46.0,0.0,100.0,24.067,0,OK,48.537,,
Q5,Dataset 1,Sikkim,2022,LFPR,Gender == Female,Year,210,30,64.323,66.6,14.1,100.0,25.921,0,OK,64.323,,
Q5,Dataset 1,Sikkim,2023,LFPR,Gender == Female,Year,210,30,62.753,66.85,10.5,100.0,22.508,0,OK,62.753,,
Q5,Dataset 1,Sikkim,All,LFPR,Gender == Female,All Years,210,210,56.134,54.8,0.0,100.0,23.038,0,OK,56.134,,
Q5,Dataset 1,Tamil Nadu,2017,LFPR,Gender == Female,Year,210,30,34.637,34.35,12.8,60.7,11.946,0,OK,34.637,,
Q5,Dataset 1,Tamil Nadu,2018,LFPR,Gender == Female,Year,210,30,36.62,38.75,14.1,56.4,11.108,0,OK,36.62,,
Q5,Dataset 1,Tamil Nadu,2019,LFPR,Gender == Female,Year,210,30,39.743,38.55,16.6,66.9,13.556,0,OK,39.743,,
Q5,Dataset 1,Tamil Nadu,2020,LFPR,Gender == Female,Year,210,30,39.393,38.35,16.5,69.7,12.875,0,OK,39.393,,
Q5,Dataset 1,Tamil Nadu,2021,LFPR,Gender == Female,Year,210,30,38.913,37.9,16.7,62.2,11.415,0,OK,38.913,,
Q5,Dataset 1,Tamil Nadu,2022,LFPR,Gender == Female,Year,210,30,38.79,37.75,14.4,64.0,12.175,0,OK,38.79,,
Q5,Dataset 1,Tamil Nadu,2023,LFPR,Gender == Female,Year,210,30,41.053,41.75,16.9,71.2,12.182,0,OK,41.053,,
Q5,Dataset 1,Tamil Nadu,All,LFPR,Gender == Female,All Years,210,210,38.45,38.4,12.8,71.2,12.364,0,OK,38.45,,
Q5,Dataset 1,Telangana,2017,LFPR,Gender == Female,Year,210,30,29.38,27.75,7.9,57.0,11.719,0,OK,29.38,,
Q5,Dataset 1,Telangana,2018,LFPR,Gender == Female,Year,210,30,33.403,30.9,0.0,68.3,15.92,0,OK,33.403,,
Q5,Dataset 1,Telangana,2019,LFPR,Gender == Female,Year,210,30,37.893,35.1,0.0,71.6,14.487,0,OK,37.893,,
Q5,Dataset 1,Telangana,2020,LFPR,Gender == Female,Year,210,30,40.31,38.7,13.4,80.8,15.337,0,OK,40.31,,
Q5,Dataset 1,Telangana,2021,LFPR,Gender == Female,Year,210,30,39.03,37.4,0.0,76.6,16.402,0,OK,39.03,,
Q5,Dataset 1,Telangana,2022,LFPR,Gender == Female,Year,210,30,38.773,38.45,0.0,71.1,16.073,0,OK,38.773,,
Q5,Dataset 1,Telangana,2023,LFPR,Gender == Female,Year,210,30,47.827,47.05,15.1,100.0,18.117,0,OK,47.827,,
Q5,Dataset 1,Telangana,All,LFPR,Gender == Female,All Years,210,210,38.088,36.05,0.0,100.0,16.433,0,OK,38.088,,
Q5,Dataset 1,The Dadra and Nagar Haveli and Daman and Diu,2017,LFPR,Gender == Female,Year,210,30,33.01,27.125,0.0,100.0,20.106,0,OK,33.01,,
Q5,Dataset 1,The Dadra and Nagar Haveli and Daman and Diu,2018,LFPR,Gender == Female,Year,210,30,27.948,30.075,0.0,50.0,14.443,0,OK,27.948,,
Q5,Dataset 1,The Dadra and Nagar Haveli and Daman and Diu,2019,LFPR,Gender == Female,Year,210,30,37.412,42.025,0.0,74.1,19.908,0,OK,37.412,,
Q5,Dataset 1,The Dadra and Nagar Haveli and Daman and Diu,2020,LFPR,Gender == Female,Year,210,30,39.283,28.75,1.0,100.0,28.988,0,OK,39.283,,
Q5,Dataset 1,The Dadra and Nagar Haveli and Daman and Diu,2021,LFPR,Gender == Female,Year,210,30,48.327,45.45,0.0,100.0,25.012,0,OK,48.327,,
Q5,Dataset 1,The Dadra and Nagar Haveli and Daman and Diu,2022,LFPR,Gender == Female,Year,210,30,48.44,38.8,12.7,100.0,25.107,0,OK,48.44,,
Q5,Dataset 1,The Dadra and Nagar Haveli and Daman and Diu,2023,LFPR,Gender == Female,Year,210,30,49.977,47.7,12.8,100.0,25.251,0,OK,49.977,,
Q5,Dataset 1,The Dadra and Nagar Haveli and Daman and Diu,All,LFPR,Gender == Female,All Years,210,210,40.628,34.375,0.0,100.0,24.441,0,OK,40.628,,
Q5,Dataset 1,Tripura,2017,LFPR,Gender == Female,Year,210,30,18.56,14.65,3.4,76.4,15.981,0,OK,18.56,,
Q5,Dataset 1,Tripura,2018,LFPR,Gender == Female,Year,210,30,28.873,16.65,0.0,96.8,24.633,0,OK,28.873,,
Q5,Dataset 1,Tripura,2019,LFPR,Gender == Female,Year,210,30,29.19,24.75,10.6,100.0,17.817,0,OK,29.19,,
Q5,Dataset 1,Tripura,2020,LFPR,Gender == Female,Year,210,30,34.143,29.35,0.0,100.0,18.968,0,OK,34.143,,
Q5,Dataset 1,Tripura,2021,LFPR,Gender == Female,Year,210,30,26.133,26.25,0.0,60.0,12.369,0,OK,26.133,,
Q5,Dataset 1,Tripura,2022,LFPR,Gender == Female,Year,210,30,40.523,33.05,6.8,100.0,23.702,0,OK,40.523,,
Q5,Dataset 1,Tripura,2023,LFPR,Gender == Female,Year,210,30,43.367,40.2,21.0,100.0,18.757,0,OK,43.367,,
Q5,Dataset 1,Tripura,All,LFPR,Gender == Female,All Years,210,210,31.541,26.2,0.0,100.0,20.852,0,OK,31.541,,
Q5,Dataset 1,Uttar Pradesh,2017,LFPR,Gender == Female,Year,210,30,17.147,11.5,4.7,63.2,14.088,0,OK,17.147,,
Q5,Dataset 1,Uttar Pradesh,2018,LFPR,Gender == Female,Year,210,30,11.727,9.7,0.0,29.5,6.926,0,OK,11.727,,
Q5,Dataset 1,Uttar Pradesh,2019,LFPR,Gender == Female,Year,210,30,17.233,13.65,5.6,45.0,9.031,0,OK,17.233,,
Q5,Dataset 1,Uttar Pradesh,2020,LFPR,Gender == Female,Year,210,30,19.567,18.25,5.7,44.1,8.599,0,OK,19.567,,
Q5,Dataset 1,Uttar Pradesh,2021,LFPR,Gender == Female,Year,210,30,21.703,20.55,6.6,39.5,8.93,0,OK,21.703,,
Q5,Dataset 1,Uttar Pradesh,2022,LFPR,Gender == Female,Year,210,30,31.71,21.7,6.5,100.0,24.435,0,OK,31.71,,
Q5,Dataset 1,Uttar Pradesh,2023,LFPR,Gender == Female,Year,210,30,33.2,26.1,7.9,100.0,19.828,0,OK,33.2,,
Q5,Dataset 1,Uttar Pradesh,All,LFPR,Gender == Female,All Years,210,210,21.755,17.7,0.0,100.0,16.253,0,OK,21.755,,
Q5,Dataset 1,Uttarakhand,2017,LFPR,Gender == Female,Year,210,30,22.37,18.1,0.0,100.0,18.675,0,OK,22.37,,
Q5,Dataset 1,Uttarakhand,2018,LFPR,Gender == Female,Year,210,30,20.467,17.45,0.0,54.2,14.037,0,OK,20.467,,
Q5,Dataset 1,Uttarakhand,2019,LFPR,Gender == Female,Year,210,30,36.237,32.1,8.0,100.0,23.139,0,OK,36.237,,
Q5,Dataset 1,Uttarakhand,2020,LFPR,Gender == Female,Year,210,30,29.08,28.95,7.0,100.0,17.02,0,OK,29.08,,
Q5,Dataset 1,Uttarakhand,2021,LFPR,Gender == Female,Year,210,30,32.687,32.1,8.0,64.8,14.606,0,OK,32.687,,
Q5,Dataset 1,Uttarakhand,2022,LFPR,Gender == Female,Year,210,30,32.353,38.2,0.0,64.2,18.428,0,OK,32.353,,
Q5,Dataset 1,Uttarakhand,2023,LFPR,Gender == Female,Year,210,30,43.7,46.05,0.0,87.6,20.77,0,OK,43.7,,
Q5,Dataset 1,Uttarakhand,All,LFPR,Gender == Female,All Years,210,210,30.985,29.3,0.0,100.0,19.776,0,OK,30.985,,
Q5,Dataset 1,West Bengal,2017,LFPR,Gender == Female,Year,210,30,24.073,21.3,10.2,60.2,12.094,0,OK,24.073,,
Q5,Dataset 1,West Bengal,2018,LFPR,Gender == Female,Year,210,30,25.057,24.85,12.1,57.9,10.749,0,OK,25.057,,
Q5,Dataset 1,West Bengal,2019,LFPR,Gender == Female,Year,210,30,26.457,25.8,11.9,52.7,10.913,0,OK,26.457,,
Q5,Dataset 1,West Bengal,2020,LFPR,Gender == Female,Year,210,30,29.207,28.9,13.9,62.5,11.318,0,OK,29.207,,
Q5,Dataset 1,West Bengal,2021,LFPR,Gender == Female,Year,210,30,30.517,28.45,14.2,74.3,13.733,0,OK,30.517,,
Q5,Dataset 1,West Bengal,2022,LFPR,Gender == Female,Year,210,30,34.727,32.8,14.9,60.3,11.158,0,OK,34.727,,
Q5,Dataset 1,West Bengal,2023,LFPR,Gender == Female,Year,210,30,41.737,40.05,20.4,75.7,13.184,0,OK,41.737,,
Q5,Dataset 1,West Bengal,All,LFPR,Gender == Female,All Years,210,210,30.253,27.55,10.2,75.7,13.248,0,OK,30.253,,
