State,LFPR_2017,LFPR_2023,Absolute_Change,Percentage_Change,Valid_2017_Observation_Count,Valid_2023_Observation_Count,Missing_2017_Count,Missing_2023_Count
Andaman and Nicobar Islands,41.597,51.993,10.397,24.994,30,30,0,0
Andhra Pradesh,41.137,42.293,1.157,2.812,30,30,0,0
Arunachal Pradesh,29.320,62.403,33.083,112.835,30,30,0,0
Assam,25.790,52.293,26.503,102.766,30,30,0,0
Bihar,11.503,29.133,17.630,153.260,30,30,0,0
Chandigarh,23.697,32.570,8.873,37.445,30,20,0,10
Chhattisgarh,43.107,52.103,8.997,20.871,30,30,0,0
Delhi,17.007,18.207,1.200,7.056,30,30,0,0
Goa,36.927,35.243,-1.683,-4.559,30,30,0,0
Gujarat,21.893,43.273,21.380,97.655,30,30,0,0
Haryana,17.203,24.323,7.120,41.387,30,30,0,0
Himachal Pradesh,44.403,63.503,19.100,43.015,30,30,0,0
Jammu and Kashmir,36.307,53.200,16.893,46.530,30,30,0,0
Jharkhand,18.653,34.763,16.110,86.365,30,30,0,0
Karnataka,29.867,39.220,9.353,31.317,30,30,0,0
Kerala,33.050,43.553,10.503,31.780,30,30,0,0
Ladakh,36.307,47.890,11.583,31.904,30,30,0,0
Lakshadweep,34.433,28.503,-5.930,-17.222,30,30,0,0
Madhya Pradesh,28.773,43.337,14.563,50.614,30,30,0,0
Maharashtra,30.037,39.027,8.990,29.930,30,30,0,0
Manipur,33.950,56.417,22.467,66.176,30,30,0,0
Meghalaya,53.553,68.783,15.230,28.439,30,30,0,0
Mizoram,42.357,42.113,-0.243,-0.574,30,30,0,0
Nagaland,25.367,65.800,40.433,159.396,30,30,0,0
Odisha,25.560,45.793,20.233,79.160,30,30,0,0
Puducherry,19.917,38.070,18.153,91.146,30,30,0,0
Punjab,21.097,34.353,13.257,62.838,30,30,0,0
Rajasthan,23.673,43.557,19.883,83.990,30,30,0,0
Sikkim,46.253,62.753,16.500,35.673,30,30,0,0
Tamil Nadu,34.637,41.053,6.417,18.526,30,30,0,0
Telangana,29.380,47.827,18.447,62.786,30,30,0,0
The Dadra and Nagar Haveli and Daman and Diu,33.010,49.977,16.967,51.399,30,30,0,0
Tripura,18.560,43.367,24.807,133.657,30,30,0,0
Uttar Pradesh,17.147,33.200,16.053,93.624,30,30,0,0
Uttarakhand,22.370,43.700,21.330,95.351,30,30,0,0
West Bengal,24.073,41.737,17.663,73.373,30,30,0,0
