Finding,Result_Type,Comparison,Test,Statistic,p,Adjusted_p,Adjustment_Method,EffectSize_r,MeanChange,MeanDiff,Epsilon2
F1,omnibus,LFPR 2017→2023,Wilcoxon,663.0,7.275957614183426e-11,,,0.8640816211486685,19.233333333333334,,
F2,omnibus,Female−Male LFPR gap,Wilcoxon,0.0,3.1731709450729463e-43,,,-0.866885836588609,,-41.310557768924305,
F3,omnibus,Between-state variance,Permutation,137.36124599125364,0.0004997501249375,,,,,,
F4,gap,Rural−Urban LFPR gap,Wilcoxon,29213.0,1.315813640166908e-31,,,0.7346025555104888,,,
F4,change,Rural−Urban gap widening 2017→2023,Wilcoxon,625.0,2.9103830456733704e-10,,,0.858259947226102,,,
F5,omnibus,Education groups,Friedman,958.7870027532512,9.64867823576058e-203,,,,,,0.5417114415214862
F6,omnibus,Education groups (gender gap),Friedman,467.27206058572574,8.661370755676492e-97,,,,,,0.2619647470607432
F8,omnibus,Education groups (LFPR change),Friedman,66.35518040383967,8.028534418713991e-12,,,,,,0.2355364301739669
F10,omnibus,Enterprise composition change,Wilcoxon,666.0,1.4551915228366852e-11,,,0.8719369086136565,,,
F11,omnibus,Gender enterprise gap,Wilcoxon,31878.0,2.1771110657611567e-43,,,0.8668824306183922,,,
F5,post_hoc,Not Literate vs Literate & Upto Primary,Wilcoxon,12448.5,0.004654156880190498,0.13031639264533396,Bonferroni,,,,
F5,post_hoc,Not Literate vs Middle,Wilcoxon,6581.5,1.0761490399551544e-15,3.013217311874432e-14,Bonferroni,,,,
F5,post_hoc,Not Literate vs Secondary,Wilcoxon,3113.5,7.20866362225155e-28,2.018425814230434e-26,Bonferroni,,,,
F5,post_hoc,Not Literate vs Higher Secondary,Wilcoxon,4257.5,1.7407425592092874e-23,4.874079165786005e-22,Bonferroni,,,,
F5,post_hoc,Not Literate vs Diploma/ Certificate Course,Wilcoxon,5234.5,1.1032089664020217e-19,3.0889851059256607e-18,Bonferroni,,,,
F5,post_hoc,Not Literate vs Graduate,Wilcoxon,11714.5,0.0005178365412169345,0.014499423154074166,Bonferroni,,,,
F5,post_hoc,Not Literate vs Post Graduate & Above,Wilcoxon,3135.5,3.389763427032853e-28,9.491337595691989e-27,Bonferroni,,,,
F5,post_hoc,Literate & Upto Primary vs Middle,Wilcoxon,2766.5,2.3788749529236593e-29,6.660849868186246e-28,Bonferroni,,,,
F5,post_hoc,Literate & Upto Primary vs Secondary,Wilcoxon,1374.0,4.468860986007029e-36,1.251281076081968e-34,Bonferroni,,,,
F5,post_hoc,Literate & Upto Primary vs Higher Secondary,Wilcoxon,2342.0,1.274871777530286e-31,3.569640977084801e-30,Bonferroni,,,,
F5,post_hoc,Literate & Upto Primary vs Diploma/ Certificate Course,Wilcoxon,6158.0,5.0442133210966096e-17,1.4123797299070506e-15,Bonferroni,,,,
F5,post_hoc,Literate & Upto Primary vs Graduate,Wilcoxon,12919.5,0.01196758582304941,0.33509240304538346,Bonferroni,,,,
F5,post_hoc,Literate & Upto Primary vs Post Graduate & Above,Wilcoxon,3042.0,1.3715886539611865e-28,3.840448231091322e-27,Bonferroni,,,,
F5,post_hoc,Middle vs Secondary,Wilcoxon,3118.0,2.862313402689746e-28,8.014477527531288e-27,Bonferroni,,,,
F5,post_hoc,Middle vs Higher Secondary,Wilcoxon,5352.5,1.0343910460729379e-19,2.896294929004226e-18,Bonferroni,,,,
F5,post_hoc,Middle vs Diploma/ Certificate Course,Wilcoxon,3384.5,3.653341458286974e-27,1.0229356083203527e-25,Bonferroni,,,,
F5,post_hoc,Middle vs Graduate,Wilcoxon,3614.5,3.1510551260975923e-26,8.822954353073258e-25,Bonferroni,,,,
F5,post_hoc,Middle vs Post Graduate & Above,Wilcoxon,321.0,4.242602401232658e-41,1.1879286723451442e-39,Bonferroni,,,,
F5,post_hoc,Secondary vs Higher Secondary,Wilcoxon,15258.0,0.7074557196326499,1.0,Bonferroni,,,,
F5,post_hoc,Secondary vs Diploma/ Certificate Course,Wilcoxon,2025.0,4.7873798364760676e-33,1.340466354213299e-31,Bonferroni,,,,
F5,post_hoc,Secondary vs Graduate,Wilcoxon,347.0,3.8894231390526584e-41,1.0890384789347444e-39,Bonferroni,,,,
F5,post_hoc,Secondary vs Post Graduate & Above,Wilcoxon,96.0,1.9996927147180254e-42,5.599139601210471e-41,Bonferroni,,,,
F5,post_hoc,Higher Secondary vs Diploma/ Certificate Course,Wilcoxon,2072.0,1.2363056743822535e-32,3.46165588827031e-31,Bonferroni,,,,
F5,post_hoc,Higher Secondary vs Graduate,Wilcoxon,151.5,3.870238288203452e-42,1.0836667206969666e-40,Bonferroni,,,,
F5,post_hoc,Higher Secondary vs Post Graduate & Above,Wilcoxon,11.0,7.239334973507252e-43,2.0270137925820306e-41,Bonferroni,,,,
F5,post_hoc,Diploma/ Certificate Course vs Graduate,Wilcoxon,6438.0,6.390963658098111e-16,1.789469824267471e-14,Bonferroni,,,,
F5,post_hoc,Diploma/ Certificate Course vs Post Graduate & Above,Wilcoxon,14324.5,0.378680883844441,1.0,Bonferroni,,,,
F5,post_hoc,Graduate vs Post Graduate & Above,Wilcoxon,1312.5,3.504770477398299e-36,9.813357336715236e-35,Bonferroni,,,,
F6,post_hoc,Not Literate vs Literate & Upto Primary,Wilcoxon,10195.5,0.017458655561148704,0.4888423557121637,Bonferroni,,,,
F6,post_hoc,Not Literate vs Middle,Wilcoxon,12507.5,0.055687926862938684,1.0,Bonferroni,,,,
F6,post_hoc,Not Literate vs Secondary,Wilcoxon,13720.5,0.18824332587459203,1.0,Bonferroni,,,,
F6,post_hoc,Not Literate vs Higher Secondary,Wilcoxon,7887.5,1.5165609653645503e-11,4.246370703020741e-10,Bonferroni,,,,
F6,post_hoc,Not Literate vs Diploma/ Certificate Course,Wilcoxon,11485.0,0.2092159640889697,1.0,Bonferroni,,,,
F6,post_hoc,Not Literate vs Graduate,Wilcoxon,990.0,9.569579933227033e-38,2.6794823813035692e-36,Bonferroni,,,,
F6,post_hoc,Not Literate vs Post Graduate & Above,Wilcoxon,2196.5,7.265975237817571e-31,2.0344730665889198e-29,Bonferroni,,,,
F6,post_hoc,Literate & Upto Primary vs Middle,Wilcoxon,14132.0,0.6788842642859929,1.0,Bonferroni,,,,
F6,post_hoc,Literate & Upto Primary vs Secondary,Wilcoxon,12737.5,0.07160070380223738,1.0,Bonferroni,,,,
F6,post_hoc,Literate & Upto Primary vs Higher Secondary,Wilcoxon,7790.0,5.187298798506939e-12,1.4524436635819429e-10,Bonferroni,,,,
F6,post_hoc,Literate & Upto Primary vs Diploma/ Certificate Course,Wilcoxon,13776.0,0.45773615196881745,1.0,Bonferroni,,,,
F6,post_hoc,Literate & Upto Primary vs Graduate,Wilcoxon,1673.0,2.7897182278821584e-34,7.811211038070043e-33,Bonferroni,,,,
F6,post_hoc,Literate & Upto Primary vs Post Graduate & Above,Wilcoxon,2699.0,5.050587875841579e-29,1.4141646052356421e-27,Bonferroni,,,,
F6,post_hoc,Middle vs Secondary,Wilcoxon,12845.0,0.0280476448309449,0.7853340552664572,Bonferroni,,,,
F6,post_hoc,Middle vs Higher Secondary,Wilcoxon,6697.0,2.422622019396856e-15,6.783341654311197e-14,Bonferroni,,,,
F6,post_hoc,Middle vs Diploma/ Certificate Course,Wilcoxon,14161.5,0.3570253396685884,1.0,Bonferroni,,,,
F6,post_hoc,Middle vs Graduate,Wilcoxon,1794.5,6.5759346559969635e-34,1.8412617036791498e-32,Bonferroni,,,,
F6,post_hoc,Middle vs Post Graduate & Above,Wilcoxon,2860.5,9.765076762413826e-29,2.7342214934758712e-27,Bonferroni,,,,
F6,post_hoc,Secondary vs Higher Secondary,Wilcoxon,8387.5,4.523106097889394e-10,1.2664697074090303e-08,Bonferroni,,,,
F6,post_hoc,Secondary vs Diploma/ Certificate Course,Wilcoxon,14962.5,0.6741292676366915,1.0,Bonferroni,,,,
F6,post_hoc,Secondary vs Graduate,Wilcoxon,2672.5,5.785376093350609e-30,1.6199053061381705e-28,Bonferroni,,,,
F6,post_hoc,Secondary vs Post Graduate & Above,Wilcoxon,4025.0,3.618615040293816e-24,1.0132122112822684e-22,Bonferroni,,,,
F6,post_hoc,Higher Secondary vs Diploma/ Certificate Course,Wilcoxon,12350.5,0.002635885848624053,0.07380480376147348,Bonferroni,,,,
F6,post_hoc,Higher Secondary vs Graduate,Wilcoxon,5504.0,3.438166141695123e-19,9.626865196746343e-18,Bonferroni,,,,
F6,post_hoc,Higher Secondary vs Post Graduate & Above,Wilcoxon,6723.5,4.794829044306387e-15,1.3425521324057884e-13,Bonferroni,,,,
F6,post_hoc,Diploma/ Certificate Course vs Graduate,Wilcoxon,7661.5,2.3391607021101005e-12,6.549649965908281e-11,Bonferroni,,,,
F6,post_hoc,Diploma/ Certificate Course vs Post Graduate & Above,Wilcoxon,7586.0,3.823185053904018e-12,1.0704918150931251e-10,Bonferroni,,,,
F6,post_hoc,Graduate vs Post Graduate & Above,Wilcoxon,14313.0,0.2720710310946759,1.0,Bonferroni,,,,
F8,post_hoc,Not Literate vs Literate & Upto Primary,Wilcoxon,168.0,0.00858427706407383,0.24035975779406726,Bonferroni,,,,
F8,post_hoc,Not Literate vs Middle,Wilcoxon,271.5,0.3381495433568489,1.0,Bonferroni,,,,
F8,post_hoc,Not Literate vs Secondary,Wilcoxon,154.0,0.004123038903344423,0.11544508929364383,Bonferroni,,,,
F8,post_hoc,Not Literate vs Higher Secondary,Wilcoxon,106.5,0.00020027603022754192,0.005607728846371174,Bonferroni,,,,
F8,post_hoc,Not Literate vs Diploma/ Certificate Course,Wilcoxon,273.0,0.3542106300010346,1.0,Bonferroni,,,,
F8,post_hoc,Not Literate vs Graduate,Wilcoxon,80.5,2.3269385565072298e-05,0.0006515427958220243,Bonferroni,,,,
F8,post_hoc,Not Literate vs Post Graduate & Above,Wilcoxon,69.0,5.593444772310184e-05,0.0015661645362468515,Bonferroni,,,,
F8,post_hoc,Literate & Upto Primary vs Middle,Wilcoxon,168.5,0.027419676767074595,0.7677509494780886,Bonferroni,,,,
F8,post_hoc,Literate & Upto Primary vs Secondary,Wilcoxon,90.0,5.1420502131804824e-05,0.001439774059690535,Bonferroni,,,,
F8,post_hoc,Literate & Upto Primary vs Higher Secondary,Wilcoxon,54.0,1.458160113543272e-06,4.0828483179211617e-05,Bonferroni,,,,
F8,post_hoc,Literate & Upto Primary vs Diploma/ Certificate Course,Wilcoxon,215.0,0.06442296883324161,1.0,Bonferroni,,,,
F8,post_hoc,Literate & Upto Primary vs Graduate,Wilcoxon,65.0,4.886940587311983e-06,0.00013683433644473553,Bonferroni,,,,
F8,post_hoc,Literate & Upto Primary vs Post Graduate & Above,Wilcoxon,74.0,1.2062606401741505e-05,0.00033775297924876213,Bonferroni,,,,
F8,post_hoc,Middle vs Secondary,Wilcoxon,89.0,4.721074947156012e-05,0.0013219009852036834,Bonferroni,,,,
F8,post_hoc,Middle vs Higher Secondary,Wilcoxon,50.0,9.082723408937454e-07,2.5431625545024872e-05,Bonferroni,,,,
F8,post_hoc,Middle vs Diploma/ Certificate Course,Wilcoxon,242.0,0.1568159700545948,1.0,Bonferroni,,,,
F8,post_hoc,Middle vs Graduate,Wilcoxon,67.0,6.010581273585558e-06,0.00016829627566039562,Bonferroni,,,,
F8,post_hoc,Middle vs Post Graduate & Above,Wilcoxon,58.0,2.297310857102275e-06,6.43247039988637e-05,Bonferroni,,,,
F8,post_hoc,Secondary vs Higher Secondary,Wilcoxon,218.5,0.07434044909314252,1.0,Bonferroni,,,,
F8,post_hoc,Secondary vs Diploma/ Certificate Course,Wilcoxon,311.0,0.7385739113087766,1.0,Bonferroni,,,,
F8,post_hoc,Secondary vs Graduate,Wilcoxon,170.0,0.009480974142206833,0.2654672759817913,Bonferroni,,,,
F8,post_hoc,Secondary vs Post Graduate & Above,Wilcoxon,155.0,0.004354625125415623,0.12192950351163745,Bonferroni,,,,
F8,post_hoc,Higher Secondary vs Diploma/ Certificate Course,Wilcoxon,266.0,0.30002931610215455,1.0,Bonferroni,,,,
F8,post_hoc,Higher Secondary vs Graduate,Wilcoxon,239.5,0.14770023614983074,1.0,Bonferroni,,,,
F8,post_hoc,Higher Secondary vs Post Graduate & Above,Wilcoxon,178.0,0.01392684379243292,0.38995162618812174,Bonferroni,,,,
F8,post_hoc,Diploma/ Certificate Course vs Graduate,Wilcoxon,240.0,0.14770023614983074,1.0,Bonferroni,,,,
F8,post_hoc,Diploma/ Certificate Course vs Post Graduate & Above,Wilcoxon,228.0,0.10109310995903797,1.0,Bonferroni,,,,
F8,post_hoc,Graduate vs Post Graduate & Above,Wilcoxon,234.0,0.12272018878138624,1.0,Bonferroni,,,,
